date-time,temperature_f
Sun Apr 30 10:36:16 2023,76.5524
Sun Apr 30 11:06:16 2023,82.1867
Sun Apr 30 11:36:16 2023,82.5397
Sun Apr 30 12:06:16 2023,84.7015
Sun Apr 30 12:36:16 2023,84.6944
Sun Apr 30 13:06:16 2023,84.3976
Sun Apr 30 13:36:16 2023,84.5119
Sun Apr 30 14:06:16 2023,84.6785
Sun Apr 30 14:36:16 2023,84.891
Sun Apr 30 15:06:16 2023,84.4557
Sun Apr 30 15:36:16 2023,84.7271
Sun Apr 30 16:06:16 2023,85.8734
Sun Apr 30 16:36:16 2023,84.0489
Sun Apr 30 17:06:16 2023,83.6335
Sun Apr 30 17:36:16 2023,84.4346
Sun Apr 30 18:06:16 2023,82.3051
Sun Apr 30 18:36:16 2023,80.7999
Sun Apr 30 19:06:16 2023,76.9993
Sun Apr 30 19:36:16 2023,74.5088
Sun Apr 30 20:06:16 2023,75.6403
Sun Apr 30 20:36:16 2023,76.0251
Sun Apr 30 21:06:16 2023,76.4877
Sun Apr 30 21:36:16 2023,75.8323
Sun Apr 30 22:06:16 2023,76.0646
Sun Apr 30 22:36:16 2023,76.3824
Sun Apr 30 23:06:16 2023,75.9903
Sun Apr 30 23:36:16 2023,76.5608
Mon May 1 00:06:16 2023,76.1301
Mon May 1 00:36:16 2023,76.2001
Mon May 1 01:06:16 2023,76.4784
Mon May 1 01:36:16 2023,76.344
Mon May 1 02:06:16 2023,76.2481
Mon May 1 02:36:16 2023,76.5294
Mon May 1 03:06:16 2023,76.7656
Mon May 1 03:36:16 2023,76.9966
Mon May 1 04:06:16 2023,76.778
Mon May 1 04:36:16 2023,76.4994
Mon May 1 05:06:16 2023,76.8753
Mon May 1 05:36:16 2023,76.9547
Mon May 1 06:06:16 2023,77.2163
Mon May 1 06:36:16 2023,77.0803
Mon May 1 07:06:16 2023,76.2879
Mon May 1 07:36:16 2023,77.2851
Mon May 1 08:06:16 2023,75.7408
Mon May 1 08:36:16 2023,80.7416
Mon May 1 09:06:16 2023,82.6345
Mon May 1 09:36:16 2023,82.6458
Mon May 1 10:06:16 2023,83.0375
Mon May 1 10:36:16 2023,84.3337
Mon May 1 11:06:16 2023,84.3869
Mon May 1 11:36:16 2023,83.2221
Mon May 1 12:06:16 2023,84.8282
Mon May 1 12:36:16 2023,83.7566
Mon May 1 13:06:16 2023,83.9363
Mon May 1 13:36:16 2023,84.1367
Mon May 1 14:06:16 2023,84.6902
Mon May 1 14:36:16 2023,83.8396
Mon May 1 15:06:16 2023,84.7605
Mon May 1 15:36:16 2023,83.5416
Mon May 1 16:06:16 2023,83.7286
Mon May 1 16:36:16 2023,84.3567
Mon May 1 17:06:16 2023,84.9127
Mon May 1 17:36:16 2023,83.1192
Mon May 1 18:06:16 2023,81.9127
Mon May 1 18:36:16 2023,81.2481
Mon May 1 19:06:16 2023,77.9857
Mon May 1 19:36:16 2023,74.9577
Mon May 1 20:06:16 2023,75.9015
Mon May 1 20:36:16 2023,76.183
Mon May 1 21:06:16 2023,78.635
Mon May 1 21:36:16 2023,76.0136
Mon May 1 22:06:16 2023,76.3456
Mon May 1 22:36:16 2023,76.0722
Mon May 1 23:06:16 2023,76.2509
Mon May 1 23:36:16 2023,76.5579
Tue May 2 00:06:16 2023,76.4866
Tue May 2 00:36:16 2023,75.8899
Tue May 2 01:06:16 2023,76.5541
Tue May 2 01:36:16 2023,76.5981
Tue May 2 02:06:16 2023,76.2225
Tue May 2 02:36:16 2023,76.3658
Tue May 2 03:06:16 2023,76.255
Tue May 2 03:36:16 2023,76.5106
Tue May 2 04:06:16 2023,77.3575
Tue May 2 04:36:16 2023,76.8379
Tue May 2 05:06:16 2023,76.6534
Tue May 2 05:36:16 2023,76.6705
Tue May 2 06:06:16 2023,76.5873
Tue May 2 06:36:16 2023,76.8673
Tue May 2 07:06:16 2023,76.5301
Tue May 2 07:36:16 2023,76.9451
Tue May 2 08:06:16 2023,76.4687
Tue May 2 08:36:16 2023,80.7072
Tue May 2 09:06:16 2023,82.916
Tue May 2 09:36:16 2023,84.2567
Tue May 2 10:06:16 2023,85.5047
Tue May 2 10:36:16 2023,84.472
Tue May 2 11:06:16 2023,83.7378
Tue May 2 11:36:16 2023,84.7503
Tue May 2 12:06:16 2023,84.0721
Tue May 2 12:36:16 2023,83.2581
Tue May 2 13:06:16 2023,84.6684
Tue May 2 13:36:16 2023,83.6988
Tue May 2 14:06:16 2023,84.1043
Tue May 2 14:36:16 2023,83.9942
Tue May 2 15:06:16 2023,84.6086
Tue May 2 15:36:16 2023,84.7497
Tue May 2 16:06:16 2023,84.8862
Tue May 2 16:36:16 2023,84.8087
Tue May 2 17:06:16 2023,84.2485
Tue May 2 17:36:16 2023,82.5709
Tue May 2 18:06:16 2023,82.9016
Tue May 2 18:36:16 2023,81.669
Tue May 2 19:06:16 2023,79.6912
Tue May 2 19:36:16 2023,76.6931
Tue May 2 20:06:16 2023,74.9046
Tue May 2 20:36:16 2023,75.7833
Tue May 2 21:06:16 2023,75.5548
Tue May 2 21:36:16 2023,75.4912
Tue May 2 22:06:16 2023,76.9648
Tue May 2 22:36:16 2023,75.7069
Tue May 2 23:06:16 2023,76.5452
Tue May 2 23:36:16 2023,75.7399
Wed May 3 00:06:16 2023,76.5805
Wed May 3 00:36:16 2023,76.3824
Wed May 3 01:06:16 2023,76.047
Wed May 3 01:36:16 2023,76.015
Wed May 3 02:06:16 2023,77.1063
Wed May 3 02:36:16 2023,77.0174
Wed May 3 03:06:16 2023,76.3238
Wed May 3 03:36:16 2023,77.2288
Wed May 3 04:06:16 2023,76.6036
Wed May 3 04:36:16 2023,77.0492
Wed May 3 05:06:16 2023,76.689
Wed May 3 05:36:16 2023,77.0952
Wed May 3 06:06:16 2023,77.3933
Wed May 3 06:36:16 2023,77.3498
Wed May 3 07:06:16 2023,76.3861
Wed May 3 07:36:16 2023,76.2574
Wed May 3 08:06:16 2023,75.0343
Wed May 3 08:36:16 2023,80.0359
Wed May 3 09:06:16 2023,82.7178
Wed May 3 09:36:16 2023,84.1608
Wed May 3 10:06:16 2023,84.1507
Wed May 3 10:36:16 2023,85.1891
Wed May 3 11:06:16 2023,83.9238
Wed May 3 11:36:16 2023,84.3619
Wed May 3 12:06:16 2023,85.0792
Wed May 3 12:36:16 2023,83.2191
Wed May 3 13:06:16 2023,84.5937
Wed May 3 13:36:16 2023,84.2792
Wed May 3 14:06:16 2023,84.0658
Wed May 3 14:36:16 2023,85.5146
Wed May 3 15:06:16 2023,83.9519
Wed May 3 15:36:16 2023,84.212
Wed May 3 16:06:16 2023,83.3299
Wed May 3 16:36:16 2023,84.0322
Wed May 3 17:06:16 2023,83.4304
Wed May 3 17:36:16 2023,84.6445
Wed May 3 18:06:16 2023,83.1381
Wed May 3 18:36:16 2023,81.7473
Wed May 3 19:06:16 2023,80.0278
Wed May 3 19:36:16 2023,76.9467
Wed May 3 20:06:16 2023,75.0034
Wed May 3 20:36:16 2023,75.607
Wed May 3 21:06:16 2023,75.7751
Wed May 3 21:36:16 2023,75.5548
Wed May 3 22:06:16 2023,76.1649
Wed May 3 22:36:16 2023,76.5349
Wed May 3 23:06:16 2023,76.2754
Wed May 3 23:36:16 2023,75.8384
Thu May 4 00:06:16 2023,76.8779
Thu May 4 00:36:16 2023,76.058
Thu May 4 01:06:16 2023,76.0904
Thu May 4 01:36:16 2023,76.2584
Thu May 4 02:06:16 2023,76.3691
Thu May 4 02:36:16 2023,76.9196
Thu May 4 03:06:16 2023,76.1906
Thu May 4 03:36:16 2023,76.2352
Thu May 4 04:06:16 2023,76.6559
Thu May 4 04:36:16 2023,76.8206
Thu May 4 05:06:16 2023,77.0346
Thu May 4 05:36:16 2023,76.4093
Thu May 4 06:06:16 2023,76.9748
Thu May 4 06:36:16 2023,77.2719
Thu May 4 07:06:16 2023,76.1651
Thu May 4 07:36:16 2023,75.9885
Thu May 4 08:06:16 2023,74.7647
Thu May 4 08:36:16 2023,80.6328
Thu May 4 09:06:16 2023,82.7218
Thu May 4 09:36:16 2023,85.4744
Thu May 4 10:06:16 2023,83.976
Thu May 4 10:36:16 2023,84.3905
Thu May 4 11:06:16 2023,84.1513
Thu May 4 11:36:16 2023,83.3768
Thu May 4 12:06:16 2023,84.5319
Thu May 4 12:36:16 2023,84.5197
Thu May 4 13:06:16 2023,84.376
Thu May 4 13:36:16 2023,84.4967
Thu May 4 14:06:16 2023,84.5027
Thu May 4 14:36:16 2023,83.2193
Thu May 4 15:06:16 2023,84.5622
Thu May 4 15:36:16 2023,84.768
Thu May 4 16:06:16 2023,84.6981
Thu May 4 16:36:16 2023,84.7893
Thu May 4 17:06:16 2023,84.5423
Thu May 4 17:36:16 2023,86.0421
Thu May 4 18:06:16 2023,83.6484
Thu May 4 18:36:16 2023,82.7784
Thu May 4 19:06:16 2023,81.2206
Thu May 4 19:36:16 2023,78.5009
Thu May 4 20:06:16 2023,75.3349
Thu May 4 20:36:16 2023,74.9071
Thu May 4 21:06:16 2023,75.769
Thu May 4 21:36:16 2023,74.8006
Thu May 4 22:06:16 2023,75.8422
Thu May 4 22:36:16 2023,76.0902
Thu May 4 23:06:16 2023,76.1439
Thu May 4 23:36:16 2023,76.3438
Fri May 5 00:06:16 2023,75.8406
Fri May 5 00:36:16 2023,76.3669
Fri May 5 01:06:16 2023,76.3074
Fri May 5 01:36:16 2023,76.1544
Fri May 5 02:06:16 2023,76.603
Fri May 5 02:36:16 2023,75.8119
Fri May 5 03:06:16 2023,76.8279
Fri May 5 03:36:16 2023,76.0201
Fri May 5 04:06:16 2023,76.4155
Fri May 5 04:36:16 2023,76.4696
Fri May 5 05:06:16 2023,76.029
Fri May 5 05:36:16 2023,76.1365
Fri May 5 06:06:16 2023,76.3156
Fri May 5 06:36:16 2023,76.1812
Fri May 5 07:06:16 2023,76.0682
Fri May 5 07:36:16 2023,76.9599
Fri May 5 08:06:16 2023,74.2101
Fri May 5 08:36:16 2023,74.1995
Fri May 5 09:06:16 2023,75.0965
Fri May 5 09:36:16 2023,75.0559
Fri May 5 10:06:16 2023,74.8779
Fri May 5 10:36:16 2023,76.4859
Fri May 5 11:06:16 2023,76.9697
Fri May 5 11:36:16 2023,79.3592
Fri May 5 12:06:16 2023,82.6786
Fri May 5 12:36:16 2023,82.1441
Fri May 5 13:06:16 2023,82.0055
Fri May 5 13:36:16 2023,79.1862
Fri May 5 14:06:16 2023,76.5947
Fri May 5 14:36:16 2023,76.1713
Fri May 5 15:06:16 2023,76.0948
Fri May 5 15:36:16 2023,75.4789
Fri May 5 16:06:16 2023,73.8054
Fri May 5 16:36:16 2023,75.7506
Fri May 5 17:06:16 2023,74.0777
Fri May 5 17:36:16 2023,75.3018
Fri May 5 18:06:16 2023,75.1885
Fri May 5 18:36:16 2023,76.0564
Fri May 5 19:06:16 2023,75.4196
Fri May 5 19:36:16 2023,76.1544
Fri May 5 20:06:16 2023,75.8098
Fri May 5 20:36:16 2023,76.2265
Fri May 5 21:06:16 2023,75.7522
Fri May 5 21:36:16 2023,76.0564
Fri May 5 22:06:16 2023,76.1031
Fri May 5 22:36:16 2023,75.9205
Fri May 5 23:06:16 2023,76.472
Fri May 5 23:36:16 2023,76.3469
Sat May 6 00:06:16 2023,76.1798
Sat May 6 00:36:16 2023,76.427
Sat May 6 01:06:16 2023,76.1729
Sat May 6 01:36:16 2023,76.0409
Sat May 6 02:06:16 2023,76.0953
Sat May 6 02:36:16 2023,76.0916
Sat May 6 03:06:16 2023,76.0748
Sat May 6 03:36:16 2023,76.2586
Sat May 6 04:06:16 2023,76.6092
Sat May 6 04:36:16 2023,76.7106
Sat May 6 05:06:16 2023,76.1423
Sat May 6 05:36:16 2023,75.9543
Sat May 6 06:06:16 2023,76.003
Sat May 6 06:36:16 2023,76.7431
Sat May 6 07:06:16 2023,76.2933
Sat May 6 07:36:16 2023,75.9558
Sat May 6 08:06:16 2023,75.7717
Sat May 6 08:36:16 2023,74.7536
Sat May 6 09:06:16 2023,75.0025
Sat May 6 09:36:16 2023,76.7736
Sat May 6 10:06:16 2023,79.2801
Sat May 6 10:36:16 2023,84.5235
Sat May 6 11:06:16 2023,84.4418
Sat May 6 11:36:16 2023,84.1738
Sat May 6 12:06:16 2023,85.0293
Sat May 6 12:36:16 2023,84.4778
Sat May 6 13:06:16 2023,84.9205
Sat May 6 13:36:16 2023,84.9143
Sat May 6 14:06:16 2023,85.0999
Sat May 6 14:36:16 2023,85.6264
Sat May 6 15:06:16 2023,85.7786
Sat May 6 15:36:16 2023,85.337
Sat May 6 16:06:16 2023,84.8751
Sat May 6 16:36:16 2023,84.747
Sat May 6 17:06:16 2023,82.6564
Sat May 6 17:36:16 2023,82.0337
Sat May 6 18:06:16 2023,81.5987
Sat May 6 18:36:16 2023,81.0851
Sat May 6 19:06:16 2023,79.6067
Sat May 6 19:36:16 2023,77.8816
Sat May 6 20:06:16 2023,76.4071
Sat May 6 20:36:16 2023,75.0293
Sat May 6 21:06:16 2023,73.6614
Sat May 6 21:36:16 2023,75.1677
Sat May 6 22:06:16 2023,74.7519
Sat May 6 22:36:16 2023,75.1075
Sat May 6 23:06:16 2023,75.6892
Sat May 6 23:36:16 2023,76.2893
Sun May 7 00:06:16 2023,75.4955
Sun May 7 00:36:16 2023,75.222
Sun May 7 01:06:16 2023,76.2626
Sun May 7 01:36:16 2023,75.8062
Sun May 7 02:06:16 2023,75.306
Sun May 7 02:36:16 2023,75.53
Sun May 7 03:06:16 2023,75.2069
Sun May 7 03:36:16 2023,76.3675
Sun May 7 04:06:16 2023,75.518
Sun May 7 04:36:16 2023,75.9343
Sun May 7 05:06:16 2023,76.1775
Sun May 7 05:36:16 2023,76.4289
Sun May 7 06:06:16 2023,76.1623
Sun May 7 06:36:16 2023,76.2514
Sun May 7 07:06:16 2023,76.027
Sun May 7 07:36:16 2023,74.4398
Sun May 7 08:06:16 2023,78.7417
Sun May 7 08:36:16 2023,82.432
Sun May 7 09:06:16 2023,83.0171
Sun May 7 09:36:16 2023,82.3616
Sun May 7 10:06:16 2023,82.5165
Sun May 7 10:36:16 2023,83.5423
Sun May 7 11:06:16 2023,85.7559
Sun May 7 11:36:16 2023,85.4451
Sun May 7 12:06:16 2023,85.2125
Sun May 7 12:36:16 2023,86.0303
Sun May 7 13:06:16 2023,84.6805
Sun May 7 13:36:16 2023,85.8141
Sun May 7 14:06:16 2023,86.0054
Sun May 7 14:36:16 2023,85.8384
Sun May 7 15:06:16 2023,86.6093
Sun May 7 15:36:16 2023,84.7303
Sun May 7 16:06:16 2023,85.6793
Sun May 7 16:36:16 2023,85.8241
Sun May 7 17:06:16 2023,84.7923
Sun May 7 17:36:16 2023,84.1439
Sun May 7 18:06:16 2023,84.108
Sun May 7 18:36:16 2023,85.3799
Sun May 7 19:06:16 2023,85.8789
Sun May 7 19:36:16 2023,83.7693
Sun May 7 20:06:16 2023,80.8347
Sun May 7 20:36:16 2023,78.7328
Sun May 7 21:06:16 2023,77.4222
Sun May 7 21:36:16 2023,76.6511
Sun May 7 22:06:16 2023,75.9045
Sun May 7 22:36:16 2023,75.4752
Sun May 7 23:06:16 2023,74.9533
Sun May 7 23:36:16 2023,74.6161
Mon May 8 00:06:16 2023,74.1551
Mon May 8 00:36:16 2023,73.8015
Mon May 8 01:06:16 2023,73.8397
Mon May 8 01:36:16 2023,73.6168
Mon May 8 02:06:16 2023,73.6796
Mon May 8 02:36:16 2023,74.6251
Mon May 8 03:06:16 2023,74.6993
Mon May 8 03:36:16 2023,75.5294
Mon May 8 04:06:16 2023,73.6759
Mon May 8 04:36:16 2023,75.8163
Mon May 8 05:06:16 2023,75.2195
Mon May 8 05:36:16 2023,75.4684
Mon May 8 06:06:16 2023,75.3535
Mon May 8 06:36:16 2023,73.7451
Mon May 8 07:06:16 2023,75.4853
Mon May 8 07:36:16 2023,75.4432
Mon May 8 08:06:16 2023,74.6313
Mon May 8 08:36:16 2023,74.9324
Mon May 8 09:06:16 2023,76.8119
Mon May 8 09:36:16 2023,79.0248
Mon May 8 10:06:16 2023,83.4782
Mon May 8 10:36:16 2023,85.6923
Mon May 8 11:06:16 2023,85.7575
Mon May 8 11:36:16 2023,84.5276
Mon May 8 12:06:16 2023,86.1985
Mon May 8 12:36:16 2023,84.9837
Mon May 8 13:06:16 2023,86.7189
Mon May 8 13:36:16 2023,85.2677
Mon May 8 14:06:16 2023,86.4313
Mon May 8 14:36:16 2023,83.7951
Mon May 8 15:06:16 2023,84.556
Mon May 8 15:36:16 2023,84.7539
Mon May 8 16:06:16 2023,85.3715
Mon May 8 16:36:16 2023,86.5778
Mon May 8 17:06:16 2023,85.0033
Mon May 8 17:36:16 2023,85.6146
Mon May 8 18:06:16 2023,84.7767
Mon May 8 18:36:16 2023,83.9272
Mon May 8 19:06:16 2023,82.7957
Mon May 8 19:36:16 2023,81.3943
Mon May 8 20:06:16 2023,80.0215
Mon May 8 20:36:16 2023,78.9512
Mon May 8 21:06:16 2023,78.0801
Mon May 8 21:36:16 2023,77.2594
Mon May 8 22:06:16 2023,76.7438
Mon May 8 22:36:16 2023,76.6723
Mon May 8 23:06:16 2023,76.781
Mon May 8 23:36:16 2023,76.4927
Tue May 9 00:06:16 2023,76.1239
Tue May 9 00:36:16 2023,75.6515
Tue May 9 01:06:16 2023,75.128
Tue May 9 01:36:16 2023,74.7373
Tue May 9 02:06:16 2023,74.4249
Tue May 9 02:36:16 2023,74.0595
Tue May 9 03:06:16 2023,73.6753
Tue May 9 03:36:16 2023,73.3523
Tue May 9 04:06:16 2023,76.1929
Tue May 9 04:36:16 2023,73.6592
Tue May 9 05:06:16 2023,75.8376
Tue May 9 05:36:16 2023,74.2206
Tue May 9 06:06:16 2023,75.2621
Tue May 9 06:36:16 2023,73.4851
Tue May 9 07:06:16 2023,73.639
Tue May 9 07:36:16 2023,74.2362
Tue May 9 08:06:16 2023,75.2818
Tue May 9 08:36:16 2023,77.4375
Tue May 9 09:06:16 2023,81.4705
Tue May 9 09:36:16 2023,83.5447
Tue May 9 10:06:16 2023,85.1492
Tue May 9 10:36:16 2023,86.0763
Tue May 9 11:06:16 2023,86.6787
Tue May 9 11:36:16 2023,85.7327
Tue May 9 12:06:16 2023,86.0923
Tue May 9 12:36:16 2023,87.5789
Tue May 9 13:06:16 2023,87.5079
Tue May 9 13:36:16 2023,87.3003
Tue May 9 14:06:16 2023,87.4776
Tue May 9 14:36:16 2023,84.8297
Tue May 9 15:06:16 2023,84.628
Tue May 9 15:36:16 2023,84.5336
Tue May 9 16:06:16 2023,84.0127
Tue May 9 16:36:16 2023,85.1904
Tue May 9 17:06:16 2023,84.7556
Tue May 9 17:36:16 2023,85.6696
Tue May 9 18:06:16 2023,84.246
Tue May 9 18:36:16 2023,83.7979
Tue May 9 19:06:16 2023,82.7265
Tue May 9 19:36:16 2023,83.1432
Tue May 9 20:06:16 2023,82.167
Tue May 9 20:36:16 2023,80.2476
Tue May 9 21:06:16 2023,78.7663
Tue May 9 21:36:16 2023,77.3325
Tue May 9 22:06:16 2023,76.5914
Tue May 9 22:36:16 2023,75.7553
Tue May 9 23:06:16 2023,75.3037
Tue May 9 23:36:16 2023,75.0599
Wed May 10 00:06:16 2023,74.832
Wed May 10 00:36:16 2023,74.471
Wed May 10 01:06:16 2023,73.8556
Wed May 10 01:36:16 2023,73.4717
Wed May 10 02:06:16 2023,73.2739
Wed May 10 02:36:16 2023,76.0537
Wed May 10 03:06:16 2023,74.5683
Wed May 10 03:36:16 2023,75.0585
Wed May 10 04:06:16 2023,75.4988
Wed May 10 04:36:16 2023,75.0132
Wed May 10 05:06:16 2023,74.9692
Wed May 10 05:36:16 2023,75.3027
Wed May 10 06:06:16 2023,75.6035
Wed May 10 06:36:16 2023,75.5214
Wed May 10 07:06:16 2023,74.2694
Wed May 10 07:36:16 2023,76.2469
Wed May 10 08:06:16 2023,81.348
Wed May 10 08:36:16 2023,82.8387
Wed May 10 09:06:16 2023,85.7417
Wed May 10 09:36:16 2023,84.9626
Wed May 10 10:06:16 2023,83.9689
Wed May 10 10:36:16 2023,85.7292
Wed May 10 11:06:16 2023,85.076
Wed May 10 11:36:16 2023,84.9487
Wed May 10 12:06:16 2023,85.7323
Wed May 10 12:36:16 2023,85.791
Wed May 10 13:06:16 2023,86.3072
Wed May 10 13:36:16 2023,86.5915
Wed May 10 14:06:16 2023,86.0292
Wed May 10 14:36:16 2023,86.3387
Wed May 10 15:06:16 2023,85.278
Wed May 10 15:36:16 2023,85.656
Wed May 10 16:06:16 2023,85.5208
Wed May 10 16:36:16 2023,84.734
Wed May 10 17:06:16 2023,85.5021
Wed May 10 17:36:16 2023,85.06
Wed May 10 18:06:16 2023,86.2433
Wed May 10 18:36:16 2023,85.1323
Wed May 10 19:06:16 2023,85.6641
Wed May 10 19:36:16 2023,83.3578
Wed May 10 20:06:16 2023,81.3962
Wed May 10 20:36:16 2023,79.7223
Wed May 10 21:06:16 2023,78.3467
Wed May 10 21:36:16 2023,77.6948
Wed May 10 22:06:16 2023,77.278
Wed May 10 22:36:16 2023,77.0178
Wed May 10 23:06:16 2023,76.7934
Wed May 10 23:36:16 2023,76.5307
Thu May 11 00:06:16 2023,76.298
Thu May 11 00:36:16 2023,75.9227
Thu May 11 01:06:16 2023,75.4654
Thu May 11 01:36:16 2023,75.2157
Thu May 11 02:06:16 2023,75.0607
Thu May 11 02:36:16 2023,74.7943
Thu May 11 03:06:16 2023,74.5005
Thu May 11 03:36:16 2023,74.1773
Thu May 11 04:06:16 2023,73.8849
Thu May 11 04:36:16 2023,73.6546
Thu May 11 05:06:16 2023,75.074
Thu May 11 05:36:16 2023,74.5171
Thu May 11 06:06:16 2023,75.5124
Thu May 11 06:36:16 2023,74.0542
Thu May 11 07:06:16 2023,73.9479
Thu May 11 07:36:16 2023,74.6083
Thu May 11 08:06:16 2023,76.248
Thu May 11 08:36:16 2023,81.0232
Thu May 11 09:06:16 2023,83.0716
Thu May 11 09:36:16 2023,84.3805
Thu May 11 10:06:16 2023,85.8852
Thu May 11 10:36:16 2023,85.0004
Thu May 11 11:06:16 2023,83.0818
Thu May 11 11:36:16 2023,84.5581
Thu May 11 12:06:16 2023,84.2415
Thu May 11 12:36:16 2023,84.1964
Thu May 11 13:06:16 2023,81.8143
Thu May 11 13:36:16 2023,83.0513
Thu May 11 14:06:16 2023,85.7791
Thu May 11 14:36:16 2023,84.4688
Thu May 11 15:06:16 2023,85.5368
Thu May 11 15:36:16 2023,85.1857
Thu May 11 16:06:16 2023,84.7841
Thu May 11 16:36:16 2023,85.0698
Thu May 11 17:06:16 2023,84.2338
Thu May 11 17:36:16 2023,83.5598
Thu May 11 18:06:16 2023,84.006
Thu May 11 18:36:16 2023,85.2624
Thu May 11 19:06:16 2023,84.7335
Thu May 11 19:36:16 2023,82.585
Thu May 11 20:06:16 2023,80.2851
Thu May 11 20:36:16 2023,78.8723
Thu May 11 21:06:16 2023,77.7521
Thu May 11 21:36:16 2023,76.8093
Thu May 11 22:06:16 2023,75.9762
Thu May 11 22:36:16 2023,75.2847
Thu May 11 23:06:16 2023,74.6926
Thu May 11 23:36:16 2023,74.1755
Fri May 12 00:06:16 2023,73.7935
Fri May 12 00:36:16 2023,73.2924
Fri May 12 01:06:16 2023,76.2457
Fri May 12 01:36:16 2023,73.9568
Fri May 12 02:06:16 2023,73.2618
Fri May 12 02:36:16 2023,75.672
Fri May 12 03:06:16 2023,73.7688
Fri May 12 03:36:16 2023,76.3225
Fri May 12 04:06:16 2023,73.4188
Fri May 12 04:36:16 2023,75.8005
Fri May 12 05:06:16 2023,73.7316
Fri May 12 05:36:16 2023,75.8687
Fri May 12 06:06:16 2023,75.4838
Fri May 12 06:36:16 2023,73.544
Fri May 12 07:06:16 2023,73.8903
Fri May 12 07:36:16 2023,75.807
Fri May 12 08:06:16 2023,77.3288
Fri May 12 08:36:16 2023,78.2877
Fri May 12 09:06:16 2023,77.8284
Fri May 12 09:36:16 2023,78.0954
Fri May 12 10:06:16 2023,80.2705
Fri May 12 10:36:16 2023,82.9571
Fri May 12 11:06:16 2023,78.5204
Fri May 12 11:36:16 2023,76.293
Fri May 12 12:06:16 2023,78.0815
Fri May 12 12:36:16 2023,82.5159
Fri May 12 13:06:16 2023,84.8002
Fri May 12 13:36:16 2023,84.2926
Fri May 12 14:06:16 2023,81.681
Fri May 12 14:36:16 2023,82.8807
Fri May 12 15:06:16 2023,84.649
Fri May 12 15:36:16 2023,84.93
Fri May 12 16:06:16 2023,86.2145
Fri May 12 16:36:16 2023,85.1697
Fri May 12 17:06:16 2023,83.5461
Fri May 12 17:36:16 2023,82.3891
Fri May 12 18:06:16 2023,81.8967
Fri May 12 18:36:16 2023,81.8299
Fri May 12 19:06:16 2023,80.5178
Fri May 12 19:36:16 2023,78.531
Fri May 12 20:06:16 2023,77.1418
Fri May 12 20:36:16 2023,76.1512
Fri May 12 21:06:16 2023,75.4801
Fri May 12 21:36:16 2023,74.8407
Fri May 12 22:06:16 2023,74.2002
Fri May 12 22:36:16 2023,73.8914
Fri May 12 23:06:16 2023,73.7077
Fri May 12 23:36:16 2023,75.2562
Sat May 13 00:06:16 2023,74.2189
Sat May 13 00:36:16 2023,75.4484
Sat May 13 01:06:16 2023,75.2901
Sat May 13 01:36:16 2023,74.3298
Sat May 13 02:06:16 2023,75.1737
Sat May 13 02:36:16 2023,75.4571
Sat May 13 03:06:16 2023,75.4069
Sat May 13 03:36:16 2023,75.6904
Sat May 13 04:06:16 2023,75.8742
Sat May 13 04:36:16 2023,75.2321
Sat May 13 05:06:16 2023,75.0849
Sat May 13 05:36:16 2023,76.3929
Sat May 13 06:06:16 2023,75.3024
Sat May 13 06:36:16 2023,75.3846
Sat May 13 07:06:16 2023,74.0973
Sat May 13 07:36:16 2023,74.5555
Sat May 13 08:06:16 2023,75.8477
Sat May 13 08:36:16 2023,77.0604
Sat May 13 09:06:16 2023,79.3026
Sat May 13 09:36:16 2023,81.0675
Sat May 13 10:06:16 2023,82.2326
Sat May 13 10:36:16 2023,83.0797
Sat May 13 11:06:16 2023,84.7926
Sat May 13 11:36:16 2023,85.9531
Sat May 13 12:06:16 2023,86.1087
Sat May 13 12:36:16 2023,86.9087
Sat May 13 13:06:16 2023,87.6948
Sat May 13 13:36:16 2023,88.0949
Sat May 13 14:06:16 2023,87.4034
Sat May 13 14:36:16 2023,87.847
Sat May 13 15:06:16 2023,88.016
Sat May 13 15:36:16 2023,88.3564
Sat May 13 16:06:16 2023,87.3163
Sat May 13 16:36:16 2023,86.547
Sat May 13 17:06:16 2023,85.4133
Sat May 13 17:36:16 2023,85.0164
Sat May 13 18:06:16 2023,83.2548
Sat May 13 18:36:16 2023,83.3686
Sat May 13 19:06:16 2023,85.1567
Sat May 13 19:36:16 2023,84.3584
Sat May 13 20:06:16 2023,82.7005
Sat May 13 20:36:16 2023,81.7554
Sat May 13 21:06:16 2023,80.3949
Sat May 13 21:36:16 2023,78.5843
Sat May 13 22:06:16 2023,77.5759
Sat May 13 22:36:16 2023,77.1374
Sat May 13 23:06:16 2023,76.7326
Sat May 13 23:36:16 2023,76.2201
Sun May 14 00:06:16 2023,75.9856
Sun May 14 00:36:16 2023,75.7892
Sun May 14 01:06:16 2023,75.6043
Sun May 14 01:36:16 2023,75.2521
Sun May 14 02:06:16 2023,74.7879
Sun May 14 02:36:16 2023,74.4273
Sun May 14 03:06:16 2023,74.0585
Sun May 14 03:36:16 2023,73.8053
Sun May 14 04:06:16 2023,73.5869
Sun May 14 04:36:16 2023,73.3012
Sun May 14 05:06:16 2023,76.2475
Sun May 14 05:36:16 2023,73.7606
Sun May 14 06:06:16 2023,75.7397
Sun May 14 06:36:16 2023,73.4092
Sun May 14 07:06:16 2023,74.1063
Sun May 14 07:36:16 2023,76.9554
Sun May 14 08:06:16 2023,81.7889
Sun May 14 08:36:16 2023,83.0291
Sun May 14 09:06:16 2023,85.5
Sun May 14 09:36:16 2023,86.1063
Sun May 14 10:06:16 2023,86.635
Sun May 14 10:36:16 2023,86.5054
Sun May 14 11:06:16 2023,88.3688
Sun May 14 11:36:16 2023,89.1992
Sun May 14 12:06:16 2023,89.2832
Sun May 14 12:36:16 2023,89.1804
Sun May 14 13:06:16 2023,89.4164
Sun May 14 13:36:16 2023,88.8627
Sun May 14 14:06:16 2023,88.5455
Sun May 14 14:36:16 2023,88.4255
Sun May 14 15:06:16 2023,88.2119
Sun May 14 15:36:16 2023,87.8754
Sun May 14 16:06:16 2023,88.562
Sun May 14 16:36:16 2023,87.2066
Sun May 14 17:06:16 2023,87.4992
Sun May 14 17:36:16 2023,87.0402
Sun May 14 18:06:16 2023,85.109
Sun May 14 18:36:16 2023,86.0003
Sun May 14 19:06:16 2023,83.4087
Sun May 14 19:36:16 2023,82.5515
Sun May 14 20:06:16 2023,82.1719
Sun May 14 20:36:16 2023,78.2882
Sun May 14 21:06:16 2023,78.8286
Sun May 14 21:36:16 2023,78.8681
Sun May 14 22:06:16 2023,78.3383
Sun May 14 22:36:16 2023,77.9354
Sun May 14 23:06:16 2023,77.7516
Sun May 14 23:36:16 2023,77.341
Mon May 15 00:06:16 2023,76.92
Mon May 15 00:36:16 2023,76.5993
Mon May 15 01:06:16 2023,76.2537
Mon May 15 01:36:16 2023,75.9614
Mon May 15 02:06:16 2023,75.614
Mon May 15 02:36:16 2023,75.3369
Mon May 15 03:06:16 2023,75.1223
Mon May 15 03:36:16 2023,74.7512
Mon May 15 04:06:16 2023,74.3648
Mon May 15 04:36:16 2023,74.0646
Mon May 15 05:06:16 2023,73.8579
Mon May 15 05:36:16 2023,73.5016
Mon May 15 06:06:16 2023,73.3498
Mon May 15 06:36:16 2023,73.6488
Mon May 15 07:06:16 2023,74.3439
Mon May 15 07:36:16 2023,76.7508
Mon May 15 08:06:16 2023,81.3463
Mon May 15 08:36:16 2023,82.6991
Mon May 15 09:06:16 2023,85.4459
Mon May 15 09:36:16 2023,84.8711
Mon May 15 10:06:16 2023,85.2362
Mon May 15 10:36:16 2023,84.7448
Mon May 15 11:06:16 2023,85.9113
Mon May 15 11:36:16 2023,85.8501
Mon May 15 12:06:16 2023,86.5115
Mon May 15 12:36:16 2023,86.6929
Mon May 15 13:06:16 2023,85.5808
Mon May 15 13:36:16 2023,85.1077
Mon May 15 14:06:16 2023,85.6288
Mon May 15 14:36:16 2023,85.5318
Mon May 15 15:06:16 2023,86.7913
Mon May 15 15:36:16 2023,86.2791
Mon May 15 16:06:16 2023,87.1387
Mon May 15 16:36:16 2023,86.4143
Mon May 15 17:06:16 2023,86.4735
Mon May 15 17:36:16 2023,84.2887
Mon May 15 18:06:16 2023,83.9609
Mon May 15 18:36:16 2023,85.3155
Mon May 15 19:06:16 2023,82.9756
Mon May 15 19:36:16 2023,82.1232
Mon May 15 20:06:16 2023,81.356
Mon May 15 20:36:16 2023,81.2892
Mon May 15 21:06:16 2023,80.5779
Mon May 15 21:36:16 2023,79.7448
Mon May 15 22:06:16 2023,78.166
Mon May 15 22:36:16 2023,77.2779
Mon May 15 23:06:16 2023,77.169
Mon May 15 23:36:16 2023,77.0781
Tue May 16 00:06:16 2023,76.8753
Tue May 16 00:36:16 2023,76.6127
Tue May 16 01:06:16 2023,76.5935
Tue May 16 01:36:16 2023,76.6022
Tue May 16 02:06:16 2023,76.5162
Tue May 16 02:36:16 2023,76.0518
Tue May 16 03:06:16 2023,75.459
Tue May 16 03:36:16 2023,74.9888
Tue May 16 04:06:16 2023,74.7693
Tue May 16 04:36:16 2023,74.6466
Tue May 16 05:06:16 2023,74.7946
Tue May 16 05:36:16 2023,74.9349
Tue May 16 06:06:16 2023,74.7775
Tue May 16 06:36:16 2023,74.6431
Tue May 16 07:06:16 2023,75.5828
Tue May 16 07:36:16 2023,76.2043
Tue May 16 08:06:16 2023,77.756
Tue May 16 08:36:16 2023,81.4251
Tue May 16 09:06:16 2023,84.0334
Tue May 16 09:36:16 2023,84.1745
Tue May 16 10:06:16 2023,82.659
Tue May 16 10:36:16 2023,83.8497
Tue May 16 11:06:16 2023,83.0819
Tue May 16 11:36:16 2023,86.9544
Tue May 16 12:06:16 2023,86.7045
Tue May 16 12:36:16 2023,87.0561
Tue May 16 13:06:16 2023,85.7123
Tue May 16 13:36:16 2023,87.5107
Tue May 16 14:06:16 2023,87.5871
Tue May 16 14:36:16 2023,87.6523
Tue May 16 15:06:16 2023,87.353
Tue May 16 15:36:16 2023,88.2282
Tue May 16 16:06:16 2023,88.2255
Tue May 16 16:36:16 2023,84.7589
Tue May 16 17:06:16 2023,81.5633
Tue May 16 17:36:16 2023,79.5241
Tue May 16 18:06:16 2023,78.1818
Tue May 16 18:36:16 2023,76.9916
Tue May 16 19:06:16 2023,76.268
Tue May 16 19:36:16 2023,75.3399
Tue May 16 20:06:16 2023,74.6783
Tue May 16 20:36:16 2023,74.3346
Tue May 16 21:06:16 2023,73.9636
Tue May 16 21:36:16 2023,73.56
Tue May 16 22:06:16 2023,73.2245
Tue May 16 22:36:16 2023,73.2146
Tue May 16 23:06:16 2023,75.6519
Tue May 16 23:36:16 2023,73.4348
Wed May 17 00:06:16 2023,75.8261
Wed May 17 00:36:16 2023,75.0833
Wed May 17 01:06:16 2023,74.146
Wed May 17 01:36:16 2023,75.6655
Wed May 17 02:06:16 2023,75.4868
Wed May 17 02:36:16 2023,73.6283
Wed May 17 03:06:16 2023,75.6361
Wed May 17 03:36:16 2023,75.5349
Wed May 17 04:06:16 2023,75.4849
Wed May 17 04:36:16 2023,75.3359
Wed May 17 05:06:16 2023,75.4038
Wed May 17 05:36:16 2023,75.3771
Wed May 17 06:06:16 2023,75.3428
Wed May 17 06:36:16 2023,75.4967
Wed May 17 07:06:16 2023,73.6485
Wed May 17 07:36:16 2023,75.902
Wed May 17 08:06:16 2023,78.6484
Wed May 17 08:36:16 2023,79.7622
Wed May 17 09:06:16 2023,82.4907
Wed May 17 09:36:16 2023,83.2254
Wed May 17 10:06:16 2023,81.9966
Wed May 17 10:36:16 2023,83.0212
Wed May 17 11:06:16 2023,83.5285
Wed May 17 11:36:16 2023,84.1736
Wed May 17 12:06:16 2023,85.0018
Wed May 17 12:36:16 2023,84.8845
Wed May 17 13:06:16 2023,83.9108
Wed May 17 13:36:16 2023,82.2934
Wed May 17 14:06:16 2023,83.2793
Wed May 17 14:36:16 2023,86.2094
Wed May 17 15:06:16 2023,86.7417
Wed May 17 15:36:16 2023,84.7169
Wed May 17 16:06:16 2023,84.6381
Wed May 17 16:36:16 2023,81.7167
Wed May 17 17:06:16 2023,81.1838
Wed May 17 17:36:16 2023,82.7938
Wed May 17 18:06:16 2023,82.2705
Wed May 17 18:36:16 2023,81.909
Wed May 17 19:06:16 2023,81.1819
Wed May 17 19:36:16 2023,79.9828
Wed May 17 20:06:16 2023,78.2697
Wed May 17 20:36:16 2023,77.0587
Wed May 17 21:06:16 2023,76.0222
Wed May 17 21:36:16 2023,75.2093
Wed May 17 22:06:16 2023,74.5008
Wed May 17 22:36:16 2023,74.0375
Wed May 17 23:06:16 2023,73.6664
Wed May 17 23:36:16 2023,75.174
Thu May 18 00:06:16 2023,74.3287
Thu May 18 00:36:16 2023,75.5118
Thu May 18 01:06:16 2023,74.1742
Thu May 18 01:36:16 2023,74.9827
Thu May 18 02:06:16 2023,75.5625
Thu May 18 02:36:16 2023,75.3475
Thu May 18 03:06:16 2023,75.2731
Thu May 18 03:36:16 2023,74.724
Thu May 18 04:06:16 2023,74.7489
Thu May 18 04:36:16 2023,75.6051
Thu May 18 05:06:16 2023,75.3761
Thu May 18 05:36:16 2023,75.2092
Thu May 18 06:06:16 2023,74.9146
Thu May 18 06:36:16 2023,74.4887
Thu May 18 07:06:16 2023,73.3434
Thu May 18 07:36:16 2023,73.6209
Thu May 18 08:06:16 2023,75.1627
Thu May 18 08:36:16 2023,75.6774
Thu May 18 09:06:16 2023,74.9505
Thu May 18 09:36:16 2023,74.0577
Thu May 18 10:06:16 2023,74.0249
Thu May 18 10:36:16 2023,73.4544
Thu May 18 11:06:16 2023,74.6697
Thu May 18 11:36:16 2023,76.3527
Thu May 18 12:06:16 2023,79.5075
Thu May 18 12:36:16 2023,84.8125
Thu May 18 13:06:16 2023,82.2996
Thu May 18 13:36:16 2023,84.0252
Thu May 18 14:06:16 2023,84.886
Thu May 18 14:36:16 2023,83.242
Thu May 18 15:06:16 2023,80.6167
Thu May 18 15:36:16 2023,80.4016
Thu May 18 16:06:16 2023,79.8891
Thu May 18 16:36:16 2023,76.5111
Thu May 18 17:06:16 2023,74.8912
Thu May 18 17:36:16 2023,73.9338
Thu May 18 18:06:16 2023,75.1189
Thu May 18 18:36:16 2023,74.1461
Thu May 18 19:06:16 2023,75.0359
Thu May 18 19:36:16 2023,75.3915
Thu May 18 20:06:16 2023,75.5025
Thu May 18 20:36:16 2023,75.8719
Thu May 18 21:06:16 2023,74.8134
Thu May 18 21:36:16 2023,75.6808
Thu May 18 22:06:16 2023,74.785
Thu May 18 22:36:16 2023,76.0002
Thu May 18 23:06:16 2023,75.5988
Thu May 18 23:36:16 2023,75.8505
Fri May 19 00:06:16 2023,76.1693
Fri May 19 00:36:16 2023,75.5163
Fri May 19 01:06:16 2023,75.8634
Fri May 19 01:36:16 2023,76.193
Fri May 19 02:06:16 2023,76.3093
Fri May 19 02:36:16 2023,75.5566
Fri May 19 03:06:16 2023,75.6734
Fri May 19 03:36:16 2023,76.5016
Fri May 19 04:06:16 2023,76.0679
Fri May 19 04:36:16 2023,75.9758
Fri May 19 05:06:16 2023,75.5647
Fri May 19 05:36:16 2023,76.7514
Fri May 19 06:06:16 2023,76.3068
Fri May 19 06:36:16 2023,76.2046
Fri May 19 07:06:16 2023,75.2998
Fri May 19 07:36:16 2023,75.2187
Fri May 19 08:06:16 2023,73.4331
Fri May 19 08:36:16 2023,75.4637
Fri May 19 09:06:16 2023,77.3515
Fri May 19 09:36:16 2023,79.3805
Fri May 19 10:06:16 2023,80.3757
Fri May 19 10:36:16 2023,82.958
Fri May 19 11:06:16 2023,82.8199
Fri May 19 11:36:16 2023,82.7787
Fri May 19 12:06:16 2023,86.1872
Fri May 19 12:36:16 2023,85.2823
Fri May 19 13:06:16 2023,84.8104
Fri May 19 13:36:16 2023,84.1984
Fri May 19 14:06:16 2023,85.2157
Fri May 19 14:36:16 2023,82.7569
Fri May 19 15:06:16 2023,84.6921
Fri May 19 15:36:16 2023,85.5587
Fri May 19 16:06:16 2023,85.1511
Fri May 19 16:36:16 2023,82.9956
Fri May 19 17:06:16 2023,83.1314
Fri May 19 17:36:16 2023,83.5401
Fri May 19 18:06:16 2023,82.8965
Fri May 19 18:36:16 2023,85.0634
Fri May 19 19:06:16 2023,82.4795
Fri May 19 19:36:16 2023,81.3084
Fri May 19 20:06:16 2023,78.4962
Fri May 19 20:36:16 2023,75.8549
Fri May 19 21:06:16 2023,74.1621
Fri May 19 21:36:16 2023,75.059
Fri May 19 22:06:16 2023,74.8313
Fri May 19 22:36:16 2023,74.9814
Fri May 19 23:06:16 2023,74.5552
Fri May 19 23:36:16 2023,75.2873
Sat May 20 00:06:16 2023,73.7682
Sat May 20 00:36:16 2023,75.8017
Sat May 20 01:06:16 2023,75.3641
Sat May 20 01:36:16 2023,73.9291
Sat May 20 02:06:16 2023,75.5255
Sat May 20 02:36:16 2023,75.6133
Sat May 20 03:06:16 2023,75.4791
Sat May 20 03:36:16 2023,75.4851
Sat May 20 04:06:16 2023,75.3199
Sat May 20 04:36:16 2023,75.3256
Sat May 20 05:06:16 2023,75.2874
Sat May 20 05:36:16 2023,76.6083
Sat May 20 06:06:16 2023,75.0914
Sat May 20 06:36:16 2023,75.7312
Sat May 20 07:06:16 2023,75.6883
Sat May 20 07:36:16 2023,74.7449
Sat May 20 08:06:16 2023,75.8274
Sat May 20 08:36:16 2023,75.7112
Sat May 20 09:06:16 2023,76.288
Sat May 20 09:36:16 2023,76.8953
Sat May 20 10:06:16 2023,78.8968
Sat May 20 10:36:16 2023,82.5848
Sat May 20 11:06:16 2023,84.3046
Sat May 20 11:36:16 2023,84.9938
Sat May 20 12:06:16 2023,82.3014
Sat May 20 12:36:16 2023,83.88
Sat May 20 13:06:16 2023,84.3147
Sat May 20 13:36:16 2023,85.2674
Sat May 20 14:06:16 2023,82.6802
Sat May 20 14:36:16 2023,83.65
Sat May 20 15:06:16 2023,84.3674
Sat May 20 15:36:16 2023,83.2957
Sat May 20 16:06:16 2023,84.8681
Sat May 20 16:36:16 2023,84.6931
Sat May 20 17:06:16 2023,82.6407
Sat May 20 17:36:16 2023,82.0707
Sat May 20 18:06:16 2023,83.4435
Sat May 20 18:36:16 2023,84.1066
Sat May 20 19:06:16 2023,83.4414
Sat May 20 19:36:16 2023,80.5166
Sat May 20 20:06:16 2023,78.7814
Sat May 20 20:36:16 2023,77.8699
Sat May 20 21:06:16 2023,77.2181
Sat May 20 21:36:16 2023,76.2913
Sat May 20 22:06:16 2023,75.6254
Sat May 20 22:36:16 2023,75.45
Sat May 20 23:06:16 2023,74.6231
Sat May 20 23:36:16 2023,73.875
Sun May 21 00:06:16 2023,75.7752
Sun May 21 00:36:16 2023,74.3804
Sun May 21 01:06:16 2023,75.123
Sun May 21 01:36:16 2023,74.766
Sun May 21 02:06:16 2023,75.6378
Sun May 21 02:36:16 2023,75.4679
Sun May 21 03:06:16 2023,75.6119
Sun May 21 03:36:16 2023,75.4213
Sun May 21 04:06:16 2023,75.3563
Sun May 21 04:36:16 2023,75.4543
Sun May 21 05:06:16 2023,75.0816
Sun May 21 05:36:16 2023,76.5385
Sun May 21 06:06:16 2023,75.0294
Sun May 21 06:36:16 2023,75.2946
Sun May 21 07:06:16 2023,76.0692
Sun May 21 07:36:16 2023,74.9838
Sun May 21 08:06:16 2023,78.6325
Sun May 21 08:36:16 2023,81.9968
Sun May 21 09:06:16 2023,82.9235
Sun May 21 09:36:16 2023,82.8888
Sun May 21 10:06:16 2023,86.1505
Sun May 21 10:36:16 2023,84.4301
Sun May 21 11:06:16 2023,84.1785
Sun May 21 11:36:16 2023,84.4688
Sun May 21 12:06:16 2023,84.8155
Sun May 21 12:36:16 2023,85.9968
Sun May 21 13:06:16 2023,84.5633
Sun May 21 13:36:16 2023,83.8324
Sun May 21 14:06:16 2023,85.212
Sun May 21 14:36:16 2023,85.3592
Sun May 21 15:06:16 2023,85.8113
Sun May 21 15:36:16 2023,84.5343
Sun May 21 16:06:16 2023,85.4663
Sun May 21 16:36:16 2023,84.6934
Sun May 21 17:06:16 2023,86.2283
Sun May 21 17:36:16 2023,85.2117
Sun May 21 18:06:16 2023,85.9158
Sun May 21 18:36:16 2023,84.4267
Sun May 21 19:06:16 2023,83.0174
Sun May 21 19:36:16 2023,81.4182
Sun May 21 20:06:16 2023,79.7162
Sun May 21 20:36:16 2023,78.0306
Sun May 21 21:06:16 2023,76.9218
Sun May 21 21:36:16 2023,76.2704
Sun May 21 22:06:16 2023,75.6874
Sun May 21 22:36:16 2023,75.2014
Sun May 21 23:06:16 2023,75.0064
Sun May 21 23:36:16 2023,74.6952
Mon May 22 00:06:16 2023,73.9981
Mon May 22 00:36:16 2023,73.3754
Mon May 22 01:06:16 2023,75.8166
Mon May 22 01:36:16 2023,73.5514
Mon May 22 02:06:16 2023,76.0143
Mon May 22 02:36:16 2023,73.5069
Mon May 22 03:06:16 2023,76.0415
Mon May 22 03:36:16 2023,73.7301
Mon May 22 04:06:16 2023,75.4966
Mon May 22 04:36:16 2023,74.1337
Mon May 22 05:06:16 2023,75.5357
Mon May 22 05:36:16 2023,73.8659
Mon May 22 06:06:16 2023,75.0396
Mon May 22 06:36:16 2023,74.2312
Mon May 22 07:06:16 2023,73.5493
Mon May 22 07:36:16 2023,74.0477
Mon May 22 08:06:16 2023,76.217
Mon May 22 08:36:16 2023,79.0602
Mon May 22 09:06:16 2023,82.4943
Mon May 22 09:36:16 2023,82.8194
Mon May 22 10:06:16 2023,82.5871
Mon May 22 10:36:16 2023,81.9207
Mon May 22 11:06:16 2023,81.6333
Mon May 22 11:36:16 2023,83.614
Mon May 22 12:06:16 2023,82.9746
Mon May 22 12:36:16 2023,83.3434
Mon May 22 13:06:16 2023,82.4555
Mon May 22 13:36:16 2023,81.5271
Mon May 22 14:06:16 2023,80.6775
Mon May 22 14:36:16 2023,78.2937
Mon May 22 15:06:16 2023,80.9397
Mon May 22 15:36:16 2023,82.9883
Mon May 22 16:06:16 2023,79.4733
Mon May 22 16:36:16 2023,76.1436
Mon May 22 17:06:16 2023,74.633
Mon May 22 17:36:16 2023,73.9526
Mon May 22 18:06:16 2023,75.3143
Mon May 22 18:36:16 2023,75.4248
Mon May 22 19:06:16 2023,76.4567
Mon May 22 19:36:16 2023,75.3162
Mon May 22 20:06:16 2023,76.0945
Mon May 22 20:36:16 2023,75.4125
Mon May 22 21:06:16 2023,75.7522
Mon May 22 21:36:16 2023,75.4369
Mon May 22 22:06:16 2023,75.5046
Mon May 22 22:36:16 2023,75.233
Mon May 22 23:06:16 2023,76.3285
Mon May 22 23:36:16 2023,76.1181
Tue May 23 00:06:16 2023,75.2272
Tue May 23 00:36:16 2023,76.523
Tue May 23 01:06:16 2023,76.3335
Tue May 23 01:36:16 2023,75.169
Tue May 23 02:06:16 2023,76.4791
Tue May 23 02:36:16 2023,75.5861
Tue May 23 03:06:16 2023,76.4588
Tue May 23 03:36:16 2023,75.208
Tue May 23 04:06:16 2023,76.3958
Tue May 23 04:36:16 2023,75.7977
Tue May 23 05:06:16 2023,75.8837
Tue May 23 05:36:16 2023,76.2016
Tue May 23 06:06:16 2023,75.7905
Tue May 23 06:36:16 2023,75.6106
Tue May 23 07:06:16 2023,76.3574
Tue May 23 07:36:16 2023,75.872
Tue May 23 08:06:16 2023,75.5846
Tue May 23 08:36:16 2023,76.2814
Tue May 23 09:06:16 2023,77.3234
Tue May 23 09:36:16 2023,77.8715
Tue May 23 10:06:16 2023,78.7791
Tue May 23 10:36:16 2023,82.5294
Tue May 23 11:06:16 2023,82.8436
Tue May 23 11:36:16 2023,83.2758
Tue May 23 12:06:16 2023,83.2974
Tue May 23 12:36:16 2023,82.7736
Tue May 23 13:06:16 2023,83.2353
Tue May 23 13:36:16 2023,85.3457
Tue May 23 14:06:16 2023,84.19
Tue May 23 14:36:16 2023,84.8539
Tue May 23 15:06:16 2023,84.7409
Tue May 23 15:36:16 2023,85.3612
Tue May 23 16:06:16 2023,84.8032
Tue May 23 16:36:16 2023,85.4807
Tue May 23 17:06:16 2023,85.3704
Tue May 23 17:36:16 2023,83.9422
Tue May 23 18:06:16 2023,82.1531
Tue May 23 18:36:16 2023,82.5789
Tue May 23 19:06:16 2023,80.5493
Tue May 23 19:36:16 2023,77.7837
Tue May 23 20:06:16 2023,75.0776
Tue May 23 20:36:16 2023,74.7866
Tue May 23 21:06:16 2023,74.6697
Tue May 23 21:36:16 2023,74.3378
Tue May 23 22:06:16 2023,74.6347
Tue May 23 22:36:16 2023,75.5058
Tue May 23 23:06:16 2023,74.5425
Tue May 23 23:36:16 2023,75.6598
Wed May 24 00:06:16 2023,75.3669
Wed May 24 00:36:16 2023,75.5815
Wed May 24 01:06:16 2023,75.4209
Wed May 24 01:36:16 2023,75.3681
Wed May 24 02:06:16 2023,75.461
Wed May 24 02:36:16 2023,75.3063
Wed May 24 03:06:16 2023,75.447
Wed May 24 03:36:16 2023,75.411
Wed May 24 04:06:16 2023,75.3192
Wed May 24 04:36:16 2023,75.5249
Wed May 24 05:06:16 2023,76.5574
Wed May 24 05:36:16 2023,75.4784
Wed May 24 06:06:16 2023,75.7549
Wed May 24 06:36:16 2023,75.8836
Wed May 24 07:06:16 2023,75.5428
Wed May 24 07:36:16 2023,74.8725
Wed May 24 08:06:16 2023,79.0888
Wed May 24 08:36:16 2023,81.3313
Wed May 24 09:06:16 2023,83.3152
Wed May 24 09:36:16 2023,84.8241
Wed May 24 10:06:16 2023,85.0628
Wed May 24 10:36:16 2023,84.2263
Wed May 24 11:06:16 2023,84.199
Wed May 24 11:36:16 2023,84.3334
Wed May 24 12:06:16 2023,84.7911
Wed May 24 12:36:16 2023,86.2588
Wed May 24 13:06:16 2023,88.9859
Wed May 24 13:36:16 2023,86.7177
Wed May 24 14:06:16 2023,87.1078
Wed May 24 14:36:16 2023,88.6625
Wed May 24 15:06:16 2023,88.6825
Wed May 24 15:36:16 2023,87.5455
Wed May 24 16:06:16 2023,85.8048
Wed May 24 16:36:16 2023,83.9924
Wed May 24 17:06:16 2023,84.0448
Wed May 24 17:36:16 2023,84.1387
Wed May 24 18:06:16 2023,84.4115
Wed May 24 18:36:16 2023,83.5
Wed May 24 19:06:16 2023,84.7775
Wed May 24 19:36:16 2023,82.1881
Wed May 24 20:06:16 2023,80.3744
Wed May 24 20:36:16 2023,78.996
Wed May 24 21:06:16 2023,77.701
Wed May 24 21:36:16 2023,76.4455
Wed May 24 22:06:16 2023,75.0828
Wed May 24 22:36:16 2023,73.8825
Wed May 24 23:06:16 2023,75.3612
Wed May 24 23:36:16 2023,74.0169
Thu May 25 00:06:16 2023,75.8109
Thu May 25 00:36:16 2023,75.5224
Thu May 25 01:06:16 2023,75.2237
Thu May 25 01:36:16 2023,76.5322
Thu May 25 02:06:16 2023,75.7811
Thu May 25 02:36:16 2023,75.3703
Thu May 25 03:06:16 2023,76.1256
Thu May 25 03:36:16 2023,76.407
Thu May 25 04:06:16 2023,76.4121
Thu May 25 04:36:16 2023,76.2941
Thu May 25 05:06:16 2023,76.2016
Thu May 25 05:36:16 2023,76.03
Thu May 25 06:06:16 2023,76.2262
Thu May 25 06:36:16 2023,75.9497
Thu May 25 07:06:16 2023,76.6362
Thu May 25 07:36:16 2023,75.7928
Thu May 25 08:06:16 2023,80.4108
Thu May 25 08:36:16 2023,82.5503
Thu May 25 09:06:16 2023,83.0628
Thu May 25 09:36:16 2023,85.0723
Thu May 25 10:06:16 2023,84.9624
Thu May 25 10:36:16 2023,86.0751
Thu May 25 11:06:16 2023,87.063
Thu May 25 11:36:16 2023,85.8767
Thu May 25 12:06:16 2023,85.1459
Thu May 25 12:36:16 2023,84.7277
Thu May 25 13:06:16 2023,85.0549
Thu May 25 13:36:16 2023,87.5958
Thu May 25 14:06:16 2023,87.141
Thu May 25 14:36:16 2023,87.2963
Thu May 25 15:06:16 2023,85.7788
Thu May 25 15:36:16 2023,86.3012
Thu May 25 16:06:16 2023,88.3848
Thu May 25 16:36:16 2023,86.2843
Thu May 25 17:06:16 2023,85.5744
Thu May 25 17:36:16 2023,84.175
Thu May 25 18:06:16 2023,83.1885
Thu May 25 18:36:16 2023,83.8275
Thu May 25 19:06:16 2023,83.7252
Thu May 25 19:36:16 2023,81.7921
Thu May 25 20:06:16 2023,80.8823
Thu May 25 20:36:16 2023,79.325
Thu May 25 21:06:16 2023,78.2932
Thu May 25 21:36:16 2023,77.1671
Thu May 25 22:06:16 2023,76.1726
Thu May 25 22:36:16 2023,74.8913
Thu May 25 23:06:16 2023,73.9799
Thu May 25 23:36:16 2023,73.6433
Fri May 26 00:06:16 2023,74.8229
Fri May 26 00:36:16 2023,75.0604
Fri May 26 01:06:16 2023,74.2623
Fri May 26 01:36:16 2023,74.9523
Fri May 26 02:06:16 2023,75.5138
Fri May 26 02:36:16 2023,75.3797
Fri May 26 03:06:16 2023,75.8807
Fri May 26 03:36:16 2023,76.121
Fri May 26 04:06:16 2023,75.4584
Fri May 26 04:36:16 2023,75.3722
Fri May 26 05:06:16 2023,76.5018
Fri May 26 05:36:16 2023,76.2571
Fri May 26 06:06:16 2023,75.9078
Fri May 26 06:36:16 2023,75.6891
Fri May 26 07:06:16 2023,75.8357
Fri May 26 07:36:16 2023,75.6479
Fri May 26 08:06:16 2023,79.0092
Fri May 26 08:36:16 2023,82.2151
Fri May 26 09:06:16 2023,83.8832
Fri May 26 09:36:16 2023,85.0921
Fri May 26 10:06:16 2023,84.884
Fri May 26 10:36:16 2023,84.7462
Fri May 26 11:06:16 2023,84.846
Fri May 26 11:36:16 2023,86.0935
Fri May 26 12:06:16 2023,86.1771
Fri May 26 12:36:16 2023,85.8236
Fri May 26 13:06:16 2023,86.3135
Fri May 26 13:36:16 2023,86.8007
Fri May 26 14:06:16 2023,84.23
Fri May 26 14:36:16 2023,84.7344
Fri May 26 15:06:16 2023,85.9067
Fri May 26 15:36:16 2023,84.0637
Fri May 26 16:06:16 2023,84.6237
Fri May 26 16:36:16 2023,84.3953
Fri May 26 17:06:16 2023,85.2002
Fri May 26 17:36:16 2023,83.8659
Fri May 26 18:06:16 2023,83.7225
Fri May 26 18:36:16 2023,83.5911
Fri May 26 19:06:16 2023,82.6169
Fri May 26 19:36:16 2023,81.1846
Fri May 26 20:06:16 2023,79.6528
Fri May 26 20:36:16 2023,77.6002
Fri May 26 21:06:16 2023,75.9229
Fri May 26 21:36:16 2023,74.6496
Fri May 26 22:06:16 2023,73.4889
Fri May 26 22:36:16 2023,74.9219
Fri May 26 23:06:16 2023,75.4434
Fri May 26 23:36:16 2023,75.4506
Sat May 27 00:06:16 2023,76.6612
Sat May 27 00:36:16 2023,75.2502
Sat May 27 01:06:16 2023,76.3495
Sat May 27 01:36:16 2023,75.3104
Sat May 27 02:06:16 2023,76.648
Sat May 27 02:36:16 2023,76.0576
Sat May 27 03:06:16 2023,76.09
Sat May 27 03:36:16 2023,76.3119
Sat May 27 04:06:16 2023,76.5049
Sat May 27 04:36:16 2023,76.3199
Sat May 27 05:06:16 2023,76.2957
Sat May 27 05:36:16 2023,76.1962
Sat May 27 06:06:16 2023,75.8375
Sat May 27 06:36:16 2023,76.6433
Sat May 27 07:06:16 2023,75.603
Sat May 27 07:36:16 2023,74.4103
Sat May 27 08:06:16 2023,79.1367
Sat May 27 08:36:16 2023,82.6369
Sat May 27 09:06:16 2023,84.3154
Sat May 27 09:36:16 2023,83.8122
Sat May 27 10:06:16 2023,85.8236
Sat May 27 10:36:16 2023,83.7608
Sat May 27 11:06:16 2023,85.2248
Sat May 27 11:36:16 2023,83.9102
Sat May 27 12:06:16 2023,84.0651
Sat May 27 12:36:16 2023,85.0367
Sat May 27 13:06:16 2023,85.6719
Sat May 27 13:36:16 2023,84.6675
Sat May 27 14:06:16 2023,84.3455
Sat May 27 14:36:16 2023,85.5861
Sat May 27 15:06:16 2023,85.7828
Sat May 27 15:36:16 2023,84.6311
Sat May 27 16:06:16 2023,84.7289
Sat May 27 16:36:16 2023,84.3519
Sat May 27 17:06:16 2023,84.4545
Sat May 27 17:36:16 2023,83.0863
Sat May 27 18:06:16 2023,83.7524
Sat May 27 18:36:16 2023,82.971
Sat May 27 19:06:16 2023,81.6186
Sat May 27 19:36:16 2023,79.7655
Sat May 27 20:06:16 2023,75.9656
Sat May 27 20:36:16 2023,73.7038
Sat May 27 21:06:16 2023,75.4629
Sat May 27 21:36:16 2023,75.1704
Sat May 27 22:06:16 2023,75.389
Sat May 27 22:36:16 2023,74.9729
Sat May 27 23:06:16 2023,76.5415
Sat May 27 23:36:16 2023,75.2996
Sun May 28 00:06:16 2023,76.5033
Sun May 28 00:36:16 2023,76.3423
Sun May 28 01:06:16 2023,76.2723
Sun May 28 01:36:16 2023,76.2942
Sun May 28 02:06:16 2023,76.2524
Sun May 28 02:36:16 2023,76.1967
Sun May 28 03:06:16 2023,76.2655
Sun May 28 03:36:16 2023,76.1361
Sun May 28 04:06:16 2023,75.894
Sun May 28 04:36:16 2023,77.0126
Sun May 28 05:06:16 2023,76.0389
Sun May 28 05:36:16 2023,76.7266
Sun May 28 06:06:16 2023,76.1572
Sun May 28 06:36:16 2023,76.0641
Sun May 28 07:06:16 2023,76.7712
Sun May 28 07:36:16 2023,75.7374
Sun May 28 08:06:16 2023,79.3093
Sun May 28 08:36:16 2023,82.6824
Sun May 28 09:06:16 2023,83.0985
Sun May 28 09:36:16 2023,85.4296
Sun May 28 10:06:16 2023,84.1286
Sun May 28 10:36:16 2023,84.6704
Sun May 28 11:06:16 2023,84.7922
Sun May 28 11:36:16 2023,85.5138
Sun May 28 12:06:16 2023,85.4286
Sun May 28 12:36:16 2023,85.2023
Sun May 28 13:06:16 2023,84.9829
Sun May 28 13:36:16 2023,85.3419
Sun May 28 14:06:16 2023,85.4118
Sun May 28 14:36:16 2023,84.5023
Sun May 28 15:06:16 2023,84.7053
Sun May 28 15:36:16 2023,84.7357
Sun May 28 16:06:16 2023,84.1115
Sun May 28 16:36:16 2023,85.075
Sun May 28 17:06:16 2023,83.86
Sun May 28 17:36:16 2023,83.9175
Sun May 28 18:06:16 2023,85.1707
Sun May 28 18:36:16 2023,85.77
Sun May 28 19:06:16 2023,84.3332
Sun May 28 19:36:16 2023,81.2768
Sun May 28 20:06:16 2023,79.0351
Sun May 28 20:36:16 2023,77.0645
Sun May 28 21:06:16 2023,75.6721
Sun May 28 21:36:16 2023,74.636
Sun May 28 22:06:16 2023,74.1817
Sun May 28 22:36:16 2023,73.8792
Sun May 28 23:06:16 2023,73.6102
Sun May 28 23:36:16 2023,73.3175
Mon May 29 00:06:16 2023,76.1585
Mon May 29 00:36:16 2023,73.554
Mon May 29 01:06:16 2023,75.9004
Mon May 29 01:36:16 2023,74.2673
Mon May 29 02:06:16 2023,75.0119
Mon May 29 02:36:16 2023,75.5673
Mon May 29 03:06:16 2023,75.4811
Mon May 29 03:36:16 2023,75.8615
Mon May 29 04:06:16 2023,76.1537
Mon May 29 04:36:16 2023,75.8539
Mon May 29 05:06:16 2023,75.5926
Mon May 29 05:36:16 2023,75.1685
Mon May 29 06:06:16 2023,76.8889
Mon May 29 06:36:16 2023,75.4891
Mon May 29 07:06:16 2023,75.4089
Mon May 29 07:36:16 2023,75.7815
Mon May 29 08:06:16 2023,81.3319
Mon May 29 08:36:16 2023,82.5702
Mon May 29 09:06:16 2023,84.1144
Mon May 29 09:36:16 2023,82.0274
Mon May 29 10:06:16 2023,82.314
Mon May 29 10:36:16 2023,83.4339
Mon May 29 11:06:16 2023,84.3055
Mon May 29 11:36:16 2023,85.3473
Mon May 29 12:06:16 2023,85.4744
Mon May 29 12:36:16 2023,85.5272
Mon May 29 13:06:16 2023,84.6535
Mon May 29 13:36:16 2023,83.8642
Mon May 29 14:06:16 2023,84.1327
Mon May 29 14:36:16 2023,84.531
Mon May 29 15:06:16 2023,84.3519
Mon May 29 15:36:16 2023,84.7685
Mon May 29 16:06:16 2023,84.3352
Mon May 29 16:36:16 2023,85.0593
Mon May 29 17:06:16 2023,84.0575
Mon May 29 17:36:16 2023,83.5561
Mon May 29 18:06:16 2023,84.7264
Mon May 29 18:36:16 2023,84.4505
Mon May 29 19:06:16 2023,82.2037
Mon May 29 19:36:16 2023,81.6692
Mon May 29 20:06:16 2023,78.9892
Mon May 29 20:36:16 2023,76.7224
Mon May 29 21:06:16 2023,74.884
Mon May 29 21:36:16 2023,73.5576
Mon May 29 22:06:16 2023,75.046
Mon May 29 22:36:16 2023,74.8019
Mon May 29 23:06:16 2023,75.3374
Mon May 29 23:36:16 2023,75.366
Tue May 30 00:06:16 2023,75.1866
Tue May 30 00:36:16 2023,76.6286
Tue May 30 01:06:16 2023,75.4413
Tue May 30 01:36:16 2023,76.2194
Tue May 30 02:06:16 2023,75.4096
Tue May 30 02:36:16 2023,76.7494
Tue May 30 03:06:16 2023,75.9947
Tue May 30 03:36:16 2023,75.6209
Tue May 30 04:06:16 2023,76.5283
Tue May 30 04:36:16 2023,76.3191
Tue May 30 05:06:16 2023,76.467
Tue May 30 05:36:16 2023,76.1167
Tue May 30 06:06:16 2023,75.9913
Tue May 30 06:36:16 2023,75.7685
Tue May 30 07:06:16 2023,73.3506
Tue May 30 07:36:16 2023,74.5386
Tue May 30 08:06:16 2023,76.9293
Tue May 30 08:36:16 2023,80.4994
Tue May 30 09:06:16 2023,84.5075
Tue May 30 09:36:16 2023,85.2171
Tue May 30 10:06:16 2023,84.3016
Tue May 30 10:36:16 2023,84.9351
Tue May 30 11:06:16 2023,84.3326
Tue May 30 11:36:16 2023,85.3174
Tue May 30 12:06:16 2023,85.8932
Tue May 30 12:36:16 2023,84.9339
Tue May 30 13:06:16 2023,85.6404
Tue May 30 13:36:16 2023,85.0636
Tue May 30 14:06:16 2023,85.0094
Tue May 30 14:36:16 2023,85.669
Tue May 30 15:06:16 2023,84.9549
Tue May 30 15:36:16 2023,83.7138
Tue May 30 16:06:16 2023,84.5695
Tue May 30 16:36:16 2023,83.9275
Tue May 30 17:06:16 2023,84.8587
Tue May 30 17:36:16 2023,82.8159
Tue May 30 18:06:16 2023,84.6634
Tue May 30 18:36:16 2023,84.2777
Tue May 30 19:06:16 2023,84.2031
Tue May 30 19:36:16 2023,83.1489
Tue May 30 20:06:16 2023,80.962
Tue May 30 20:36:16 2023,79.2069
Tue May 30 21:06:16 2023,77.7148
Tue May 30 21:36:16 2023,76.5657
Tue May 30 22:06:16 2023,75.8564
Tue May 30 22:36:16 2023,75.4604
Tue May 30 23:06:16 2023,74.9422
Tue May 30 23:36:16 2023,74.3942
Wed May 31 00:06:16 2023,73.9969
Wed May 31 00:36:16 2023,73.8138
Wed May 31 01:06:16 2023,73.6111
Wed May 31 01:36:16 2023,73.4119
Wed May 31 02:06:16 2023,73.4096
Wed May 31 02:36:16 2023,75.5382
Wed May 31 03:06:16 2023,74.0815
Wed May 31 03:36:16 2023,75.5727
Wed May 31 04:06:16 2023,75.3182
Wed May 31 04:36:16 2023,73.9546
Wed May 31 05:06:16 2023,75.9045
Wed May 31 05:36:16 2023,74.7352
Wed May 31 06:06:16 2023,74.7864
Wed May 31 06:36:16 2023,73.1895
Wed May 31 07:06:16 2023,73.1722
Wed May 31 07:36:16 2023,73.8112
Wed May 31 08:06:16 2023,75.0201
Wed May 31 08:36:16 2023,76.0253
Wed May 31 09:06:16 2023,76.4952
Wed May 31 09:36:16 2023,77.7277
Wed May 31 10:06:16 2023,82.1543
Wed May 31 10:36:16 2023,82.8262
Wed May 31 11:06:16 2023,82.6827
Wed May 31 11:36:16 2023,84.6487
Wed May 31 12:06:16 2023,85.6166
Wed May 31 12:36:16 2023,85.0432
Wed May 31 13:06:16 2023,85.0899
Wed May 31 13:36:16 2023,85.3249
Wed May 31 14:06:16 2023,85.4239
Wed May 31 14:36:16 2023,85.2976
Wed May 31 15:06:16 2023,84.5024
Wed May 31 15:36:16 2023,84.9819
Wed May 31 16:06:16 2023,83.8224
Wed May 31 16:36:16 2023,83.3647
Wed May 31 17:06:16 2023,85.3982
Wed May 31 17:36:16 2023,85.8379
Wed May 31 18:06:16 2023,84.215
Wed May 31 18:36:16 2023,83.0567
Wed May 31 19:06:16 2023,81.4728
Wed May 31 19:36:16 2023,80.5062
Wed May 31 20:06:16 2023,79.2736
Wed May 31 20:36:16 2023,77.7446
Wed May 31 21:06:16 2023,76.3647
Wed May 31 21:36:16 2023,75.3238
Wed May 31 22:06:16 2023,74.4794
Wed May 31 22:36:16 2023,73.7628
Wed May 31 23:06:16 2023,75.1913
Wed May 31 23:36:16 2023,74.2634
