date-time,par
Sun Apr 30 10:41:46 2023,135.311
Sun Apr 30 11:11:46 2023,160.168
Sun Apr 30 11:41:46 2023,244.439
Sun Apr 30 12:11:46 2023,209.187
Sun Apr 30 12:41:46 2023,191.24
Sun Apr 30 13:11:46 2023,196.929
Sun Apr 30 13:41:46 2023,305.355
Sun Apr 30 14:11:46 2023,269.284
Sun Apr 30 14:41:46 2023,220.533
Sun Apr 30 15:11:46 2023,220.921
Sun Apr 30 15:41:46 2023,183.51
Sun Apr 30 16:11:46 2023,158.009
Sun Apr 30 16:41:46 2023,107.329
Sun Apr 30 17:11:46 2023,91.1377
Sun Apr 30 17:41:46 2023,82.9424
Sun Apr 30 18:11:46 2023,53.3981
Sun Apr 30 18:41:46 2023,42.4601
Sun Apr 30 19:11:46 2023,58.9993
Sun Apr 30 19:41:46 2023,12.6903
Sun Apr 30 20:11:46 2023,0.507822
Sun Apr 30 20:41:46 2023,-0.000561667
Sun Apr 30 21:11:46 2023,-0.000558333
Sun Apr 30 21:41:46 2023,-0.00056
Sun Apr 30 22:11:46 2023,-0.000561667
Sun Apr 30 22:41:46 2023,-0.000566667
Sun Apr 30 23:11:46 2023,-0.000563333
Sun Apr 30 23:41:46 2023,-0.000563333
Mon May 1 00:11:46 2023,-0.000563333
Mon May 1 00:41:46 2023,-0.000561667
Mon May 1 01:11:46 2023,-0.00056
Mon May 1 01:41:46 2023,-0.000566667
Mon May 1 02:11:46 2023,-0.000561667
Mon May 1 02:41:46 2023,-0.000561667
Mon May 1 03:11:46 2023,-0.000563333
Mon May 1 03:41:46 2023,-0.000561667
Mon May 1 04:11:46 2023,-0.000565
Mon May 1 04:41:46 2023,-0.000565
Mon May 1 05:11:46 2023,-0.000563333
Mon May 1 05:41:46 2023,-0.000563333
Mon May 1 06:11:46 2023,-0.000563333
Mon May 1 06:41:46 2023,3.32486
Mon May 1 07:11:46 2023,17.0725
Mon May 1 07:41:46 2023,45.7981
Mon May 1 08:11:46 2023,84.2483
Mon May 1 08:41:46 2023,126.469
Mon May 1 09:11:46 2023,162.978
Mon May 1 09:41:46 2023,185.271
Mon May 1 10:11:46 2023,216.436
Mon May 1 10:41:46 2023,177.762
Mon May 1 11:11:46 2023,258.813
Mon May 1 11:41:46 2023,291.979
Mon May 1 12:11:46 2023,212.217
Mon May 1 12:41:46 2023,206.772
Mon May 1 13:11:46 2023,256.807
Mon May 1 13:41:46 2023,316.94
Mon May 1 14:11:46 2023,342.451
Mon May 1 14:41:46 2023,297.893
Mon May 1 15:11:46 2023,272.27
Mon May 1 15:41:46 2023,182.36
Mon May 1 16:11:46 2023,143.901
Mon May 1 16:41:46 2023,114.264
Mon May 1 17:11:46 2023,84.2369
Mon May 1 17:41:46 2023,70.7025
Mon May 1 18:11:46 2023,54.1185
Mon May 1 18:41:46 2023,43.4045
Mon May 1 19:11:46 2023,41.7266
Mon May 1 19:41:46 2023,16.222
Mon May 1 20:11:46 2023,0.826215
Mon May 1 20:41:46 2023,-0.000251667
Mon May 1 21:11:46 2023,-0.00025
Mon May 1 21:41:46 2023,-0.00025
Mon May 1 22:11:46 2023,-0.00025
Mon May 1 22:41:46 2023,-0.00025
Mon May 1 23:11:46 2023,-0.00025
Mon May 1 23:41:46 2023,-0.00025
Tue May 2 00:11:46 2023,-0.00025
Tue May 2 00:41:46 2023,-0.00025
Tue May 2 01:11:46 2023,-0.00025
Tue May 2 01:41:46 2023,-0.00025
Tue May 2 02:11:46 2023,-0.00025
Tue May 2 02:41:46 2023,-0.00025
Tue May 2 03:11:46 2023,-0.00025
Tue May 2 03:41:46 2023,-0.00025
Tue May 2 04:11:46 2023,-0.00025
Tue May 2 04:41:46 2023,-0.00025
Tue May 2 05:11:46 2023,-0.00025
Tue May 2 05:41:46 2023,-0.00025
Tue May 2 06:11:46 2023,-0.00025
Tue May 2 06:41:46 2023,3.43925
Tue May 2 07:11:46 2023,17.6434
Tue May 2 07:41:46 2023,46.9534
Tue May 2 08:11:46 2023,84.5256
Tue May 2 08:41:46 2023,130.054
Tue May 2 09:11:46 2023,166.113
Tue May 2 09:41:46 2023,190.958
Tue May 2 10:11:46 2023,209.726
Tue May 2 10:41:46 2023,178.006
Tue May 2 11:11:46 2023,262.471
Tue May 2 11:41:46 2023,303.826
Tue May 2 12:11:46 2023,220.048
Tue May 2 12:41:46 2023,214.753
Tue May 2 13:11:46 2023,259.716
Tue May 2 13:41:46 2023,314.691
Tue May 2 14:11:46 2023,345.576
Tue May 2 14:41:46 2023,301.01
Tue May 2 15:11:46 2023,277.197
Tue May 2 15:41:46 2023,152.83
Tue May 2 16:11:46 2023,126.438
Tue May 2 16:41:46 2023,134.457
Tue May 2 17:11:46 2023,85.3679
Tue May 2 17:41:46 2023,69.1786
Tue May 2 18:11:46 2023,53.5102
Tue May 2 18:41:46 2023,48.3889
Tue May 2 19:11:46 2023,78.9709
Tue May 2 19:41:46 2023,16.4767
Tue May 2 20:11:46 2023,0.886165
Tue May 2 20:41:46 2023,-0.00034
Tue May 2 21:11:46 2023,-0.000341667
Tue May 2 21:41:46 2023,-0.000345
Tue May 2 22:11:46 2023,-0.00034
Tue May 2 22:41:46 2023,-0.000343333
Tue May 2 23:11:46 2023,-0.00034
Tue May 2 23:41:46 2023,-0.000341667
Wed May 3 00:11:46 2023,-0.00034
Wed May 3 00:41:46 2023,-0.00034
Wed May 3 01:11:46 2023,-0.000341667
Wed May 3 01:41:46 2023,-0.000341667
Wed May 3 02:11:46 2023,-0.00034
Wed May 3 02:41:46 2023,-0.000341667
Wed May 3 03:11:46 2023,-0.000343333
Wed May 3 03:41:46 2023,-0.000341667
Wed May 3 04:11:46 2023,-0.000341667
Wed May 3 04:41:46 2023,-0.000343333
Wed May 3 05:11:46 2023,-0.00034
Wed May 3 05:41:46 2023,-0.000341667
Wed May 3 06:11:46 2023,-0.00034
Wed May 3 06:41:46 2023,3.79913
Wed May 3 07:11:46 2023,18.0788
Wed May 3 07:41:46 2023,47.0641
Wed May 3 08:11:46 2023,84.726
Wed May 3 08:41:46 2023,130.885
Wed May 3 09:11:46 2023,166.988
Wed May 3 09:41:46 2023,194.645
Wed May 3 10:11:46 2023,202.592
Wed May 3 10:41:46 2023,178.214
Wed May 3 11:11:46 2023,263.869
Wed May 3 11:41:46 2023,312.053
Wed May 3 12:11:46 2023,234.624
Wed May 3 12:41:46 2023,216.937
Wed May 3 13:11:46 2023,269.154
Wed May 3 13:41:46 2023,308.657
Wed May 3 14:11:46 2023,347.114
Wed May 3 14:41:46 2023,299.278
Wed May 3 15:11:46 2023,274.711
Wed May 3 15:41:46 2023,208.738
Wed May 3 16:11:46 2023,157.276
Wed May 3 16:41:46 2023,112.737
Wed May 3 17:11:46 2023,86.0898
Wed May 3 17:41:46 2023,67.6515
Wed May 3 18:11:46 2023,52.3074
Wed May 3 18:41:46 2023,49.0873
Wed May 3 19:11:46 2023,121.343
Wed May 3 19:41:46 2023,18.8451
Wed May 3 20:11:46 2023,1.04643
Wed May 3 20:41:46 2023,0.00009
Wed May 3 21:11:46 2023,0.00009
Wed May 3 21:41:46 2023,0.00009
Wed May 3 22:11:46 2023,0.00009
Wed May 3 22:41:46 2023,0.00009
Wed May 3 23:11:46 2023,0.00009
Wed May 3 23:41:46 2023,0.00009
Thu May 4 00:11:46 2023,0.00009
Thu May 4 00:41:46 2023,0.00009
Thu May 4 01:11:46 2023,0.00009
Thu May 4 01:41:46 2023,0.00009
Thu May 4 02:11:46 2023,0.00009
Thu May 4 02:41:46 2023,0.00009
Thu May 4 03:11:46 2023,0.00009
Thu May 4 03:41:46 2023,0.00009
Thu May 4 04:11:46 2023,0.00009
Thu May 4 04:41:46 2023,0.00009
Thu May 4 05:11:46 2023,0.0000883333
Thu May 4 05:41:46 2023,0.00009
Thu May 4 06:11:46 2023,0.00194
Thu May 4 06:41:46 2023,4.62435
Thu May 4 07:11:46 2023,19.7442
Thu May 4 07:41:46 2023,44.872
Thu May 4 08:11:46 2023,73.2789
Thu May 4 08:41:46 2023,130.604
Thu May 4 09:11:46 2023,168.779
Thu May 4 09:41:46 2023,198.288
Thu May 4 10:11:46 2023,197.15
Thu May 4 10:41:46 2023,179.969
Thu May 4 11:11:46 2023,265.289
Thu May 4 11:41:46 2023,318.505
Thu May 4 12:11:46 2023,252.231
Thu May 4 12:41:46 2023,218.783
Thu May 4 13:11:46 2023,278.609
Thu May 4 13:41:46 2023,290.565
Thu May 4 14:11:46 2023,341.902
Thu May 4 14:41:46 2023,243.166
Thu May 4 15:11:46 2023,257.86
Thu May 4 15:41:46 2023,218.632
Thu May 4 16:11:46 2023,177.133
Thu May 4 16:41:46 2023,130.51
Thu May 4 17:11:46 2023,99.1657
Thu May 4 17:41:46 2023,72.7073
Thu May 4 18:11:46 2023,56.2219
Thu May 4 18:41:46 2023,53.4068
Thu May 4 19:11:46 2023,83.7227
Thu May 4 19:41:46 2023,14.2291
Thu May 4 20:11:46 2023,0.668842
Thu May 4 20:41:46 2023,0
Thu May 4 21:11:46 2023,0
Thu May 4 21:41:46 2023,0
Thu May 4 22:11:46 2023,0
Thu May 4 22:41:46 2023,0
Thu May 4 23:11:46 2023,0
Thu May 4 23:41:46 2023,0
Fri May 5 00:11:46 2023,0
Fri May 5 00:41:46 2023,0
Fri May 5 01:11:46 2023,0
Fri May 5 01:41:46 2023,0
Fri May 5 02:11:46 2023,0
Fri May 5 02:41:46 2023,0
Fri May 5 03:11:46 2023,0
Fri May 5 03:41:46 2023,0
Fri May 5 04:11:46 2023,0
Fri May 5 04:41:46 2023,0
Fri May 5 05:11:46 2023,0
Fri May 5 05:41:46 2023,0
Fri May 5 06:11:46 2023,0
Fri May 5 06:41:46 2023,0.845267
Fri May 5 07:11:46 2023,7.26575
Fri May 5 07:41:46 2023,24.9341
Fri May 5 08:11:46 2023,38.9816
Fri May 5 08:41:46 2023,56.3493
Fri May 5 09:11:46 2023,56.2792
Fri May 5 09:41:46 2023,44.8289
Fri May 5 10:11:46 2023,61.9764
Fri May 5 10:41:46 2023,72.6602
Fri May 5 11:11:46 2023,72.9345
Fri May 5 11:41:46 2023,154.557
Fri May 5 12:11:46 2023,154.8
Fri May 5 12:41:46 2023,138.949
Fri May 5 13:11:46 2023,83.2236
Fri May 5 13:41:46 2023,78.6003
Fri May 5 14:11:46 2023,86.343
Fri May 5 14:41:46 2023,95.7747
Fri May 5 15:11:46 2023,79.4
Fri May 5 15:41:46 2023,57.5525
Fri May 5 16:11:46 2023,56.0767
Fri May 5 16:41:46 2023,40.5359
Fri May 5 17:11:46 2023,44.1732
Fri May 5 17:41:46 2023,30.4838
Fri May 5 18:11:46 2023,20.3319
Fri May 5 18:41:46 2023,9.92342
Fri May 5 19:11:46 2023,5.26412
Fri May 5 19:41:46 2023,2.68386
Fri May 5 20:11:46 2023,0.0207017
Fri May 5 20:41:46 2023,0
Fri May 5 21:11:46 2023,0
Fri May 5 21:41:46 2023,0
Fri May 5 22:11:46 2023,0
Fri May 5 22:41:46 2023,0
Fri May 5 23:11:46 2023,0
Fri May 5 23:41:46 2023,0
Sat May 6 00:11:46 2023,0
Sat May 6 00:41:46 2023,0
Sat May 6 01:11:46 2023,0
Sat May 6 01:41:46 2023,0
Sat May 6 02:11:46 2023,0
Sat May 6 02:41:46 2023,0
Sat May 6 03:11:46 2023,0
Sat May 6 03:41:46 2023,0
Sat May 6 04:11:46 2023,0
Sat May 6 04:41:46 2023,0
Sat May 6 05:11:46 2023,0
Sat May 6 05:41:46 2023,0
Sat May 6 06:11:46 2023,0
Sat May 6 06:41:46 2023,0.908982
Sat May 6 07:11:46 2023,4.57042
Sat May 6 07:41:46 2023,15.6039
Sat May 6 08:11:46 2023,25.6507
Sat May 6 08:41:46 2023,40.2661
Sat May 6 09:11:46 2023,65.6655
Sat May 6 09:41:46 2023,102.24
Sat May 6 10:11:46 2023,134.252
Sat May 6 10:41:46 2023,191.646
Sat May 6 11:11:46 2023,188.251
Sat May 6 11:41:46 2023,218.974
Sat May 6 12:11:46 2023,221.601
Sat May 6 12:41:46 2023,237.732
Sat May 6 13:11:46 2023,243.384
Sat May 6 13:41:46 2023,253.683
Sat May 6 14:11:46 2023,177.329
Sat May 6 14:41:46 2023,164.067
Sat May 6 15:11:46 2023,207.371
Sat May 6 15:41:46 2023,158.359
Sat May 6 16:11:46 2023,132.79
Sat May 6 16:41:46 2023,110.31
Sat May 6 17:11:46 2023,73.9227
Sat May 6 17:41:46 2023,68.1405
Sat May 6 18:11:46 2023,44.7802
Sat May 6 18:41:46 2023,33.0898
Sat May 6 19:11:46 2023,17.7565
Sat May 6 19:41:46 2023,10.3799
Sat May 6 20:11:46 2023,0.874362
Sat May 6 20:41:46 2023,0.00027
Sat May 6 21:11:46 2023,0.00027
Sat May 6 21:41:46 2023,0.00027
Sat May 6 22:11:46 2023,0.00027
Sat May 6 22:41:46 2023,0.00027
Sat May 6 23:11:46 2023,0.00027
Sat May 6 23:41:46 2023,0.00027
Sun May 7 00:11:46 2023,0.00027
Sun May 7 00:41:46 2023,0.00027
Sun May 7 01:11:46 2023,0.00027
Sun May 7 01:41:46 2023,0.00027
Sun May 7 02:11:46 2023,0.00027
Sun May 7 02:41:46 2023,0.00027
Sun May 7 03:11:46 2023,0.00027
Sun May 7 03:41:46 2023,0.00027
Sun May 7 04:11:46 2023,0.00027
Sun May 7 04:41:46 2023,0.00027
Sun May 7 05:11:46 2023,0.00027
Sun May 7 05:41:46 2023,0.00027
Sun May 7 06:11:46 2023,0.03453
Sun May 7 06:41:46 2023,5.11345
Sun May 7 07:11:46 2023,19.892
Sun May 7 07:41:46 2023,45.9171
Sun May 7 08:11:46 2023,84.1812
Sun May 7 08:41:46 2023,125.881
Sun May 7 09:11:46 2023,154.995
Sun May 7 09:41:46 2023,105.573
Sun May 7 10:11:46 2023,103.719
Sun May 7 10:41:46 2023,175.531
Sun May 7 11:11:46 2023,250.499
Sun May 7 11:41:46 2023,321.184
Sun May 7 12:11:46 2023,183.031
Sun May 7 12:41:46 2023,236.748
Sun May 7 13:11:46 2023,241.694
Sun May 7 13:41:46 2023,198.795
Sun May 7 14:11:46 2023,239.143
Sun May 7 14:41:46 2023,201.737
Sun May 7 15:11:46 2023,232.55
Sun May 7 15:41:46 2023,110.558
Sun May 7 16:11:46 2023,133.045
Sun May 7 16:41:46 2023,144.514
Sun May 7 17:11:46 2023,53.1412
Sun May 7 17:41:46 2023,89.8569
Sun May 7 18:11:46 2023,54.3073
Sun May 7 18:41:46 2023,50.2509
Sun May 7 19:11:46 2023,38.9805
Sun May 7 19:41:46 2023,12.3144
Sun May 7 20:11:46 2023,0.811283
Sun May 7 20:41:46 2023,0
Sun May 7 21:11:46 2023,0
Sun May 7 21:41:46 2023,0
Sun May 7 22:11:46 2023,0
Sun May 7 22:41:46 2023,0
Sun May 7 23:11:46 2023,0
Sun May 7 23:41:46 2023,0
Mon May 8 00:11:46 2023,0
Mon May 8 00:41:46 2023,0
Mon May 8 01:11:46 2023,0
Mon May 8 01:41:46 2023,0
Mon May 8 02:11:46 2023,0
Mon May 8 02:41:46 2023,0
Mon May 8 03:11:46 2023,0
Mon May 8 03:41:46 2023,0
Mon May 8 04:11:46 2023,0
Mon May 8 04:41:46 2023,0
Mon May 8 05:11:46 2023,0
Mon May 8 05:41:46 2023,0
Mon May 8 06:11:46 2023,0
Mon May 8 06:41:46 2023,0.213555
Mon May 8 07:11:46 2023,4.11202
Mon May 8 07:41:46 2023,17.0272
Mon May 8 08:11:46 2023,28.0453
Mon May 8 08:41:46 2023,40.8795
Mon May 8 09:11:46 2023,60.6931
Mon May 8 09:41:46 2023,100.178
Mon May 8 10:11:46 2023,170.112
Mon May 8 10:41:46 2023,185.777
Mon May 8 11:11:46 2023,257.646
Mon May 8 11:41:46 2023,295.273
Mon May 8 12:11:46 2023,320.258
Mon May 8 12:41:46 2023,252.03
Mon May 8 13:11:46 2023,279.258
Mon May 8 13:41:46 2023,213.62
Mon May 8 14:11:46 2023,288.382
Mon May 8 14:41:46 2023,71.3507
Mon May 8 15:11:46 2023,199.962
Mon May 8 15:41:46 2023,163.085
Mon May 8 16:11:46 2023,125.174
Mon May 8 16:41:46 2023,142.577
Mon May 8 17:11:46 2023,113.727
Mon May 8 17:41:46 2023,76.9052
Mon May 8 18:11:46 2023,62.0623
Mon May 8 18:41:46 2023,29.4441
Mon May 8 19:11:46 2023,22.6397
Mon May 8 19:41:46 2023,8.41323
Mon May 8 20:11:46 2023,0.404892
Mon May 8 20:41:46 2023,0.00003
Mon May 8 21:11:46 2023,0.00003
Mon May 8 21:41:46 2023,0.00003
Mon May 8 22:11:46 2023,0.00003
Mon May 8 22:41:46 2023,0.00003
Mon May 8 23:11:46 2023,0.00003
Mon May 8 23:41:46 2023,0.00003
Tue May 9 00:11:46 2023,0.00003
Tue May 9 00:41:46 2023,0.00003
Tue May 9 01:11:46 2023,0.00003
Tue May 9 01:41:46 2023,0.00003
Tue May 9 02:11:46 2023,0.00003
Tue May 9 02:41:46 2023,0.00003
Tue May 9 03:11:46 2023,0.00003
Tue May 9 03:41:46 2023,0.00003
Tue May 9 04:11:46 2023,0.00003
Tue May 9 04:41:46 2023,0.00003
Tue May 9 05:11:46 2023,0.00003
Tue May 9 05:41:46 2023,0.00003
Tue May 9 06:11:46 2023,0.00003
Tue May 9 06:41:46 2023,1.3193
Tue May 9 07:11:46 2023,6.31589
Tue May 9 07:41:46 2023,13.644
Tue May 9 08:11:46 2023,19.8405
Tue May 9 08:41:46 2023,62.0253
Tue May 9 09:11:46 2023,75.2414
Tue May 9 09:41:46 2023,111.377
Tue May 9 10:11:46 2023,114.189
Tue May 9 10:41:46 2023,105.199
Tue May 9 11:11:46 2023,224.771
Tue May 9 11:41:46 2023,215.754
Tue May 9 12:11:46 2023,329.85
Tue May 9 12:41:46 2023,228.595
Tue May 9 13:11:46 2023,269.708
Tue May 9 13:41:46 2023,255.02
Tue May 9 14:11:46 2023,230.415
Tue May 9 14:41:46 2023,171.677
Tue May 9 15:11:46 2023,208.723
Tue May 9 15:41:46 2023,124.002
Tue May 9 16:11:46 2023,103.763
Tue May 9 16:41:46 2023,143.144
Tue May 9 17:11:46 2023,113.235
Tue May 9 17:41:46 2023,123.605
Tue May 9 18:11:46 2023,60.758
Tue May 9 18:41:46 2023,32.6808
Tue May 9 19:11:46 2023,21.2732
Tue May 9 19:41:46 2023,16.6908
Tue May 9 20:11:46 2023,2.91797
Tue May 9 20:41:46 2023,0.00025
Tue May 9 21:11:46 2023,0.00025
Tue May 9 21:41:46 2023,0.00025
Tue May 9 22:11:46 2023,0.00025
Tue May 9 22:41:46 2023,0.00025
Tue May 9 23:11:46 2023,0.00025
Tue May 9 23:41:46 2023,0.00025
Wed May 10 00:11:46 2023,0.00025
Wed May 10 00:41:46 2023,0.00025
Wed May 10 01:11:46 2023,0.00025
Wed May 10 01:41:46 2023,0.00025
Wed May 10 02:11:46 2023,0.00025
Wed May 10 02:41:46 2023,0.00025
Wed May 10 03:11:46 2023,0.00025
Wed May 10 03:41:46 2023,0.000248333
Wed May 10 04:11:46 2023,0.00025
Wed May 10 04:41:46 2023,0.00025
Wed May 10 05:11:46 2023,0.00025
Wed May 10 05:41:46 2023,0.00025
Wed May 10 06:11:46 2023,0.0631717
Wed May 10 06:41:46 2023,5.73234
Wed May 10 07:11:46 2023,22.3817
Wed May 10 07:41:46 2023,49.3419
Wed May 10 08:11:46 2023,86.96
Wed May 10 08:41:46 2023,127.853
Wed May 10 09:11:46 2023,188.623
Wed May 10 09:41:46 2023,218.781
Wed May 10 10:11:46 2023,180.046
Wed May 10 10:41:46 2023,188.909
Wed May 10 11:11:46 2023,257.351
Wed May 10 11:41:46 2023,359.233
Wed May 10 12:11:46 2023,334.792
Wed May 10 12:41:46 2023,221.724
Wed May 10 13:11:46 2023,285.435
Wed May 10 13:41:46 2023,267.748
Wed May 10 14:11:46 2023,244.371
Wed May 10 14:41:46 2023,278.679
Wed May 10 15:11:46 2023,263.062
Wed May 10 15:41:46 2023,234.625
Wed May 10 16:11:46 2023,204.897
Wed May 10 16:41:46 2023,143.931
Wed May 10 17:11:46 2023,112.302
Wed May 10 17:41:46 2023,86.2079
Wed May 10 18:11:46 2023,76.0579
Wed May 10 18:41:46 2023,61.4139
Wed May 10 19:11:46 2023,52.3782
Wed May 10 19:41:46 2023,11.51
Wed May 10 20:11:46 2023,0.99557
Wed May 10 20:41:46 2023,-0.000728333
Wed May 10 21:11:46 2023,-0.000728333
Wed May 10 21:41:46 2023,-0.000725
Wed May 10 22:11:46 2023,-0.000726667
Wed May 10 22:41:46 2023,-0.00073
Wed May 10 23:11:46 2023,-0.000728333
Wed May 10 23:41:46 2023,-0.000726667
Thu May 11 00:11:46 2023,-0.000726667
Thu May 11 00:41:46 2023,-0.000721667
Thu May 11 01:11:46 2023,-0.000721667
Thu May 11 01:41:46 2023,-0.000725
Thu May 11 02:11:46 2023,-0.000725
Thu May 11 02:41:46 2023,-0.000726667
Thu May 11 03:11:46 2023,-0.000723333
Thu May 11 03:41:46 2023,-0.000731667
Thu May 11 04:11:46 2023,-0.000725
Thu May 11 04:41:46 2023,-0.000726667
Thu May 11 05:11:46 2023,-0.000725
Thu May 11 05:41:46 2023,-0.000726667
Thu May 11 06:11:46 2023,-0.000725
Thu May 11 06:41:46 2023,4.23175
Thu May 11 07:11:46 2023,14.3229
Thu May 11 07:41:46 2023,23.497
Thu May 11 08:11:46 2023,60.9973
Thu May 11 08:41:46 2023,96.8995
Thu May 11 09:11:46 2023,106.412
Thu May 11 09:41:46 2023,189.017
Thu May 11 10:11:46 2023,186.977
Thu May 11 10:41:46 2023,167.024
Thu May 11 11:11:46 2023,127.115
Thu May 11 11:41:46 2023,164.847
Thu May 11 12:11:46 2023,139.999
Thu May 11 12:41:46 2023,68.1993
Thu May 11 13:11:46 2023,66.4558
Thu May 11 13:41:46 2023,103.788
Thu May 11 14:11:46 2023,157.38
Thu May 11 14:41:46 2023,180.223
Thu May 11 15:11:46 2023,280.414
Thu May 11 15:41:46 2023,247.029
Thu May 11 16:11:46 2023,151.334
Thu May 11 16:41:46 2023,139.007
Thu May 11 17:11:46 2023,67.4153
Thu May 11 17:41:46 2023,81.7134
Thu May 11 18:11:46 2023,69.0278
Thu May 11 18:41:46 2023,48.9177
Thu May 11 19:11:46 2023,38.9369
Thu May 11 19:41:46 2023,10.2998
Thu May 11 20:11:46 2023,0.902922
Thu May 11 20:41:46 2023,-0.000831667
Thu May 11 21:11:46 2023,-0.000836667
Thu May 11 21:41:46 2023,-0.000836667
Thu May 11 22:11:46 2023,-0.000841667
Thu May 11 22:41:46 2023,-0.000833333
Thu May 11 23:11:46 2023,-0.00084
Thu May 11 23:41:46 2023,-0.000836667
Fri May 12 00:11:46 2023,-0.000838333
Fri May 12 00:41:46 2023,-0.000833333
Fri May 12 01:11:46 2023,-0.00083
Fri May 12 01:41:46 2023,-0.000833333
Fri May 12 02:11:46 2023,-0.00084
Fri May 12 02:41:46 2023,-0.000838333
Fri May 12 03:11:46 2023,-0.000833333
Fri May 12 03:41:46 2023,-0.000836667
Fri May 12 04:11:46 2023,-0.000845
Fri May 12 04:41:46 2023,-0.00084
Fri May 12 05:11:46 2023,-0.000835
Fri May 12 05:41:46 2023,-0.000835
Fri May 12 06:11:46 2023,0.114492
Fri May 12 06:41:46 2023,6.60981
Fri May 12 07:11:46 2023,27.2763
Fri May 12 07:41:46 2023,35.4387
Fri May 12 08:11:46 2023,51.4604
Fri May 12 08:41:46 2023,47.1025
Fri May 12 09:11:46 2023,33.8401
Fri May 12 09:41:46 2023,45.1912
Fri May 12 10:11:46 2023,98.7991
Fri May 12 10:41:46 2023,61.3012
Fri May 12 11:11:46 2023,21.5581
Fri May 12 11:41:46 2023,49.4856
Fri May 12 12:11:46 2023,83.5901
Fri May 12 12:41:46 2023,179.587
Fri May 12 13:11:46 2023,179.347
Fri May 12 13:41:46 2023,101.819
Fri May 12 14:11:46 2023,95.762
Fri May 12 14:41:46 2023,170.754
Fri May 12 15:11:46 2023,271.205
Fri May 12 15:41:46 2023,197.601
Fri May 12 16:11:46 2023,240.921
Fri May 12 16:41:46 2023,122.343
Fri May 12 17:11:46 2023,63.1323
Fri May 12 17:41:46 2023,35.0886
Fri May 12 18:11:46 2023,48.2872
Fri May 12 18:41:46 2023,25.3028
Fri May 12 19:11:46 2023,9.68193
Fri May 12 19:41:46 2023,2.1694
Fri May 12 20:11:46 2023,0.148858
Fri May 12 20:41:46 2023,-0.001095
Fri May 12 21:11:46 2023,-0.00109667
Fri May 12 21:41:46 2023,-0.00109333
Fri May 12 22:11:46 2023,-0.001095
Fri May 12 22:41:46 2023,-0.00109333
Fri May 12 23:11:46 2023,-0.001095
Fri May 12 23:41:46 2023,-0.00109667
Sat May 13 00:11:46 2023,-0.00109667
Sat May 13 00:41:46 2023,-0.00109167
Sat May 13 01:11:46 2023,-0.001095
Sat May 13 01:41:46 2023,-0.001095
Sat May 13 02:11:46 2023,-0.00109333
Sat May 13 02:41:46 2023,-0.00109333
Sat May 13 03:11:46 2023,-0.00109
Sat May 13 03:41:46 2023,-0.00109
Sat May 13 04:11:46 2023,-0.001095
Sat May 13 04:41:46 2023,-0.0011
Sat May 13 05:11:46 2023,-0.001095
Sat May 13 05:41:46 2023,-0.00109667
Sat May 13 06:11:46 2023,0.00783833
Sat May 13 06:41:46 2023,3.89653
Sat May 13 07:11:46 2023,14.9102
Sat May 13 07:41:46 2023,29.901
Sat May 13 08:11:46 2023,37.2662
Sat May 13 08:41:46 2023,53.7802
Sat May 13 09:11:46 2023,75.1037
Sat May 13 09:41:46 2023,76.9094
Sat May 13 10:11:46 2023,72.4672
Sat May 13 10:41:46 2023,142.22
Sat May 13 11:11:46 2023,195.147
Sat May 13 11:41:46 2023,340.392
Sat May 13 12:11:46 2023,293.096
Sat May 13 12:41:46 2023,231.705
Sat May 13 13:11:46 2023,259.592
Sat May 13 13:41:46 2023,320.553
Sat May 13 14:11:46 2023,243.402
Sat May 13 14:41:46 2023,293.403
Sat May 13 15:11:46 2023,273.717
Sat May 13 15:41:46 2023,244.691
Sat May 13 16:11:46 2023,155.322
Sat May 13 16:41:46 2023,151.151
Sat May 13 17:11:46 2023,120.453
Sat May 13 17:41:46 2023,96.9503
Sat May 13 18:11:46 2023,43.4751
Sat May 13 18:41:46 2023,44.6978
Sat May 13 19:11:46 2023,25.8644
Sat May 13 19:41:46 2023,11.4326
Sat May 13 20:11:46 2023,1.5125
Sat May 13 20:41:46 2023,-0.000981667
Sat May 13 21:11:46 2023,-0.000985
Sat May 13 21:41:46 2023,-0.000985
Sat May 13 22:11:46 2023,-0.000988333
Sat May 13 22:41:46 2023,-0.000983333
Sat May 13 23:11:46 2023,-0.000985
Sat May 13 23:41:46 2023,-0.000981667
Sun May 14 00:11:46 2023,-0.00098
Sun May 14 00:41:46 2023,-0.00098
Sun May 14 01:11:46 2023,-0.000981667
Sun May 14 01:41:46 2023,-0.000986667
Sun May 14 02:11:46 2023,-0.000981667
Sun May 14 02:41:46 2023,-0.000983333
Sun May 14 03:11:46 2023,-0.000981667
Sun May 14 03:41:46 2023,-0.000988333
Sun May 14 04:11:46 2023,-0.000981667
Sun May 14 04:41:46 2023,-0.000978333
Sun May 14 05:11:46 2023,-0.000985
Sun May 14 05:41:46 2023,-0.000981667
Sun May 14 06:11:46 2023,0.154758
Sun May 14 06:41:46 2023,6.60242
Sun May 14 07:11:46 2023,24.5854
Sun May 14 07:41:46 2023,48.5277
Sun May 14 08:11:46 2023,91.1346
Sun May 14 08:41:46 2023,116.58
Sun May 14 09:11:46 2023,188.219
Sun May 14 09:41:46 2023,203.241
Sun May 14 10:11:46 2023,173.49
Sun May 14 10:41:46 2023,202.395
Sun May 14 11:11:46 2023,263.343
Sun May 14 11:41:46 2023,341.993
Sun May 14 12:11:46 2023,303.595
Sun May 14 12:41:46 2023,258.681
Sun May 14 13:11:46 2023,234.432
Sun May 14 13:41:46 2023,250.455
Sun May 14 14:11:46 2023,179.316
Sun May 14 14:41:46 2023,223.36
Sun May 14 15:11:46 2023,157.725
Sun May 14 15:41:46 2023,214.503
Sun May 14 16:11:46 2023,161.653
Sun May 14 16:41:46 2023,136.179
Sun May 14 17:11:46 2023,104.438
Sun May 14 17:41:46 2023,74.1272
Sun May 14 18:11:46 2023,82.4364
Sun May 14 18:41:46 2023,75.0331
Sun May 14 19:11:46 2023,43.4046
Sun May 14 19:41:46 2023,17.0057
Sun May 14 20:11:46 2023,1.11344
Sun May 14 20:41:46 2023,0
Sun May 14 21:11:46 2023,0
Sun May 14 21:41:46 2023,0
Sun May 14 22:11:46 2023,0
Sun May 14 22:41:46 2023,0
Sun May 14 23:11:46 2023,0
Sun May 14 23:41:46 2023,0
Mon May 15 00:11:46 2023,0
Mon May 15 00:41:46 2023,0
Mon May 15 01:11:46 2023,0
Mon May 15 01:41:46 2023,0
Mon May 15 02:11:46 2023,0
Mon May 15 02:41:46 2023,0
Mon May 15 03:11:46 2023,0
Mon May 15 03:41:46 2023,0
Mon May 15 04:11:46 2023,0
Mon May 15 04:41:46 2023,0
Mon May 15 05:11:46 2023,0
Mon May 15 05:41:46 2023,0
Mon May 15 06:11:46 2023,0.0925533
Mon May 15 06:41:46 2023,5.79755
Mon May 15 07:11:46 2023,21.2415
Mon May 15 07:41:46 2023,47.5227
Mon May 15 08:11:46 2023,80.8808
Mon May 15 08:41:46 2023,127.115
Mon May 15 09:11:46 2023,161.651
Mon May 15 09:41:46 2023,190.309
Mon May 15 10:11:46 2023,166.327
Mon May 15 10:41:46 2023,174.041
Mon May 15 11:11:46 2023,238.509
Mon May 15 11:41:46 2023,303.742
Mon May 15 12:11:46 2023,244.233
Mon May 15 12:41:46 2023,230.875
Mon May 15 13:11:46 2023,102.324
Mon May 15 13:41:46 2023,207.29
Mon May 15 14:11:46 2023,153.596
Mon May 15 14:41:46 2023,141.537
Mon May 15 15:11:46 2023,246.37
Mon May 15 15:41:46 2023,194.809
Mon May 15 16:11:46 2023,162.572
Mon May 15 16:41:46 2023,172.854
Mon May 15 17:11:46 2023,82.1533
Mon May 15 17:41:46 2023,67.6953
Mon May 15 18:11:46 2023,44.9216
Mon May 15 18:41:46 2023,18.8364
Mon May 15 19:11:46 2023,14.8021
Mon May 15 19:41:46 2023,7.88871
Mon May 15 20:11:46 2023,1.06238
Mon May 15 20:41:46 2023,0.00016
Mon May 15 21:11:46 2023,0.00016
Mon May 15 21:41:46 2023,0.00016
Mon May 15 22:11:46 2023,0.00016
Mon May 15 22:41:46 2023,0.00016
Mon May 15 23:11:46 2023,0.00016
Mon May 15 23:41:46 2023,0.00016
Tue May 16 00:11:46 2023,0.00016
Tue May 16 00:41:46 2023,0.00016
Tue May 16 01:11:46 2023,0.00016
Tue May 16 01:41:46 2023,0.00016
Tue May 16 02:11:46 2023,0.00016
Tue May 16 02:41:46 2023,0.00016
Tue May 16 03:11:46 2023,0.00016
Tue May 16 03:41:46 2023,0.00016
Tue May 16 04:11:46 2023,0.00016
Tue May 16 04:41:46 2023,0.00016
Tue May 16 05:11:46 2023,0.00016
Tue May 16 05:41:46 2023,0.00016
Tue May 16 06:11:46 2023,0.155895
Tue May 16 06:41:46 2023,9.14041
Tue May 16 07:11:46 2023,12.0196
Tue May 16 07:41:46 2023,14.9161
Tue May 16 08:11:46 2023,48.5271
Tue May 16 08:41:46 2023,102.077
Tue May 16 09:11:46 2023,107.851
Tue May 16 09:41:46 2023,160.933
Tue May 16 10:11:46 2023,147.648
Tue May 16 10:41:46 2023,182.811
Tue May 16 11:11:46 2023,237.843
Tue May 16 11:41:46 2023,306.609
Tue May 16 12:11:46 2023,330.343
Tue May 16 12:41:46 2023,182.277
Tue May 16 13:11:46 2023,198.459
Tue May 16 13:41:46 2023,327.898
Tue May 16 14:11:46 2023,210.68
Tue May 16 14:41:46 2023,215.336
Tue May 16 15:11:46 2023,285.216
Tue May 16 15:41:46 2023,220.804
Tue May 16 16:11:46 2023,192.499
Tue May 16 16:41:46 2023,39.7826
Tue May 16 17:11:46 2023,16.0965
Tue May 16 17:41:46 2023,25.5264
Tue May 16 18:11:46 2023,5.4265
Tue May 16 18:41:46 2023,2.45327
Tue May 16 19:11:46 2023,1.84583
Tue May 16 19:41:46 2023,1.36539
Tue May 16 20:11:46 2023,0.137677
Tue May 16 20:41:46 2023,0.000525
Tue May 16 21:11:46 2023,0.000523333
Tue May 16 21:41:46 2023,0.000521667
Tue May 16 22:11:46 2023,0.000526667
Tue May 16 22:41:46 2023,0.000525
Tue May 16 23:11:46 2023,0.000528333
Tue May 16 23:41:46 2023,0.000525
Wed May 17 00:11:46 2023,0.000521667
Wed May 17 00:41:46 2023,0.000523333
Wed May 17 01:11:46 2023,0.000528333
Wed May 17 01:41:46 2023,0.000521667
Wed May 17 02:11:46 2023,0.000525
Wed May 17 02:41:46 2023,0.000523333
Wed May 17 03:11:46 2023,0.000521667
Wed May 17 03:41:46 2023,0.000521667
Wed May 17 04:11:46 2023,0.000521667
Wed May 17 04:41:46 2023,0.000521667
Wed May 17 05:11:46 2023,0.000528333
Wed May 17 05:41:46 2023,0.000526667
Wed May 17 06:11:46 2023,0.284802
Wed May 17 06:41:46 2023,5.08303
Wed May 17 07:11:46 2023,22.5959
Wed May 17 07:41:46 2023,59.6513
Wed May 17 08:11:46 2023,45.4013
Wed May 17 08:41:46 2023,102.484
Wed May 17 09:11:46 2023,176.371
Wed May 17 09:41:46 2023,105.539
Wed May 17 10:11:46 2023,80.3407
Wed May 17 10:41:46 2023,102.041
Wed May 17 11:11:46 2023,112.953
Wed May 17 11:41:46 2023,179.509
Wed May 17 12:11:46 2023,199.885
Wed May 17 12:41:46 2023,211.374
Wed May 17 13:11:46 2023,104.188
Wed May 17 13:41:46 2023,115.237
Wed May 17 14:11:46 2023,200.934
Wed May 17 14:41:46 2023,257.23
Wed May 17 15:11:46 2023,211.752
Wed May 17 15:41:46 2023,132.33
Wed May 17 16:11:46 2023,73.19
Wed May 17 16:41:46 2023,28.6686
Wed May 17 17:11:46 2023,52.3085
Wed May 17 17:41:46 2023,75.661
Wed May 17 18:11:46 2023,62.9696
Wed May 17 18:41:46 2023,43.3218
Wed May 17 19:11:46 2023,24.5743
Wed May 17 19:41:46 2023,8.66514
Wed May 17 20:11:46 2023,0.913855
Wed May 17 20:41:46 2023,0.000453333
Wed May 17 21:11:46 2023,0.00045
Wed May 17 21:41:46 2023,0.000448333
Wed May 17 22:11:46 2023,0.000451667
Wed May 17 22:41:46 2023,0.000448333
Wed May 17 23:11:46 2023,0.000451667
Wed May 17 23:41:46 2023,0.00045
Thu May 18 00:11:46 2023,0.00045
Thu May 18 00:41:46 2023,0.00045
Thu May 18 01:11:46 2023,0.000455
Thu May 18 01:41:46 2023,0.000451667
Thu May 18 02:11:46 2023,0.00045
Thu May 18 02:41:46 2023,0.00045
Thu May 18 03:11:46 2023,0.000451667
Thu May 18 03:41:46 2023,0.00045
Thu May 18 04:11:46 2023,0.00045
Thu May 18 04:41:46 2023,0.000451667
Thu May 18 05:11:46 2023,0.000448333
Thu May 18 05:41:46 2023,0.00045
Thu May 18 06:11:46 2023,0.11629
Thu May 18 06:41:46 2023,3.39611
Thu May 18 07:11:46 2023,8.98835
Thu May 18 07:41:46 2023,23.7204
Thu May 18 08:11:46 2023,33.6035
Thu May 18 08:41:46 2023,18.9666
Thu May 18 09:11:46 2023,13.8375
Thu May 18 09:41:46 2023,25.4345
Thu May 18 10:11:46 2023,36.6967
Thu May 18 10:41:46 2023,39.5507
Thu May 18 11:11:46 2023,60.4963
Thu May 18 11:41:46 2023,76.6991
Thu May 18 12:11:46 2023,155.049
Thu May 18 12:41:46 2023,126.324
Thu May 18 13:11:46 2023,82.0249
Thu May 18 13:41:46 2023,220.169
Thu May 18 14:11:46 2023,137.814
Thu May 18 14:41:46 2023,106.395
Thu May 18 15:11:46 2023,51.5296
Thu May 18 15:41:46 2023,77.7749
Thu May 18 16:11:46 2023,18.6932
Thu May 18 16:41:46 2023,13.1146
Thu May 18 17:11:46 2023,13.8613
Thu May 18 17:41:46 2023,10.6448
Thu May 18 18:11:46 2023,12.7157
Thu May 18 18:41:46 2023,11.492
Thu May 18 19:11:46 2023,5.53384
Thu May 18 19:41:46 2023,4.55398
Thu May 18 20:11:46 2023,1.43215
Thu May 18 20:41:46 2023,0.000383333
Thu May 18 21:11:46 2023,0.000381667
Thu May 18 21:41:46 2023,0.000383333
Thu May 18 22:11:46 2023,0.000376667
Thu May 18 22:41:46 2023,0.00038
Thu May 18 23:11:46 2023,0.000378333
Thu May 18 23:41:46 2023,0.000265
Fri May 19 00:11:46 2023,0
Fri May 19 00:41:46 2023,0
Fri May 19 01:11:46 2023,0
Fri May 19 01:41:46 2023,0
Fri May 19 02:11:46 2023,0
Fri May 19 02:41:46 2023,0
Fri May 19 03:11:46 2023,0
Fri May 19 03:41:46 2023,0
Fri May 19 04:11:46 2023,0
Fri May 19 04:41:46 2023,0
Fri May 19 05:11:46 2023,0
Fri May 19 05:41:46 2023,0
Fri May 19 06:11:46 2023,0.00506833
Fri May 19 06:41:46 2023,2.28863
Fri May 19 07:11:46 2023,7.49221
Fri May 19 07:41:46 2023,21.4
Fri May 19 08:11:46 2023,47.9085
Fri May 19 08:41:46 2023,70.0985
Fri May 19 09:11:46 2023,91.1901
Fri May 19 09:41:46 2023,97.2841
Fri May 19 10:11:46 2023,106.169
Fri May 19 10:41:46 2023,140.746
Fri May 19 11:11:46 2023,153.938
Fri May 19 11:41:46 2023,192.728
Fri May 19 12:11:46 2023,204.759
Fri May 19 12:41:46 2023,227.336
Fri May 19 13:11:46 2023,170.018
Fri May 19 13:41:46 2023,177.128
Fri May 19 14:11:46 2023,150.215
Fri May 19 14:41:46 2023,127.744
Fri May 19 15:11:46 2023,178.765
Fri May 19 15:41:46 2023,164.993
Fri May 19 16:11:46 2023,132.383
Fri May 19 16:41:46 2023,88.5545
Fri May 19 17:11:46 2023,109.955
Fri May 19 17:41:46 2023,91.9962
Fri May 19 18:11:46 2023,71.9561
Fri May 19 18:41:46 2023,54.2023
Fri May 19 19:11:46 2023,63.2092
Fri May 19 19:41:46 2023,28.8036
Fri May 19 20:11:46 2023,2.55957
Fri May 19 20:41:46 2023,0.00001
Fri May 19 21:11:46 2023,0.00001
Fri May 19 21:41:46 2023,0.00001
Fri May 19 22:11:46 2023,0.00001
Fri May 19 22:41:46 2023,0.00001
Fri May 19 23:11:46 2023,0.00001
Fri May 19 23:41:46 2023,0.00001
Sat May 20 00:11:46 2023,0.00001
Sat May 20 00:41:46 2023,0.00001
Sat May 20 01:11:46 2023,0.00001
Sat May 20 01:41:46 2023,0.00001
Sat May 20 02:11:46 2023,0.00001
Sat May 20 02:41:46 2023,0.00001
Sat May 20 03:11:46 2023,0.00001
Sat May 20 03:41:46 2023,0.00001
Sat May 20 04:11:46 2023,0.00001
Sat May 20 04:41:46 2023,0.00001
Sat May 20 05:11:46 2023,0.00001
Sat May 20 05:41:46 2023,0.00001
Sat May 20 06:11:46 2023,0.121483
Sat May 20 06:41:46 2023,2.57382
Sat May 20 07:11:46 2023,8.9278
Sat May 20 07:41:46 2023,10.4463
Sat May 20 08:11:46 2023,37.8834
Sat May 20 08:41:46 2023,56.4558
Sat May 20 09:11:46 2023,27.7075
Sat May 20 09:41:46 2023,69.5565
Sat May 20 10:11:46 2023,105.746
Sat May 20 10:41:46 2023,166.433
Sat May 20 11:11:46 2023,212.868
Sat May 20 11:41:46 2023,135.333
Sat May 20 12:11:46 2023,151.023
Sat May 20 12:41:46 2023,167.995
Sat May 20 13:11:46 2023,196.217
Sat May 20 13:41:46 2023,99.4783
Sat May 20 14:11:46 2023,96.0901
Sat May 20 14:41:46 2023,143.403
Sat May 20 15:11:46 2023,177.829
Sat May 20 15:41:46 2023,196.219
Sat May 20 16:11:46 2023,187.042
Sat May 20 16:41:46 2023,128.065
Sat May 20 17:11:46 2023,93.4482
Sat May 20 17:41:46 2023,71.1123
Sat May 20 18:11:46 2023,63.3075
Sat May 20 18:41:46 2023,58.4329
Sat May 20 19:11:46 2023,34.0396
Sat May 20 19:41:46 2023,6.71306
Sat May 20 20:11:46 2023,2.04248
Sat May 20 20:41:46 2023,-0.00016
Sat May 20 21:11:46 2023,-0.00016
Sat May 20 21:41:46 2023,-0.00016
Sat May 20 22:11:46 2023,-0.00016
Sat May 20 22:41:46 2023,-0.00016
Sat May 20 23:11:46 2023,-0.00016
Sat May 20 23:41:46 2023,-0.00016
Sun May 21 00:11:46 2023,-0.00016
Sun May 21 00:41:46 2023,-0.00016
Sun May 21 01:11:46 2023,-0.00016
Sun May 21 01:41:46 2023,-0.00016
Sun May 21 02:11:46 2023,-0.00016
Sun May 21 02:41:46 2023,-0.00016
Sun May 21 03:11:46 2023,-0.00016
Sun May 21 03:41:46 2023,-0.00016
Sun May 21 04:11:46 2023,-0.00016
Sun May 21 04:41:46 2023,-0.00016
Sun May 21 05:11:46 2023,-0.00016
Sun May 21 05:41:46 2023,-0.00016
Sun May 21 06:11:46 2023,0.506922
Sun May 21 06:41:46 2023,8.28533
Sun May 21 07:11:46 2023,21.8339
Sun May 21 07:41:46 2023,44.3132
Sun May 21 08:11:46 2023,69.662
Sun May 21 08:41:46 2023,116.478
Sun May 21 09:11:46 2023,142.859
Sun May 21 09:41:46 2023,150.906
Sun May 21 10:11:46 2023,162.901
Sun May 21 10:41:46 2023,132.535
Sun May 21 11:11:46 2023,122.132
Sun May 21 11:41:46 2023,165.965
Sun May 21 12:11:46 2023,136.844
Sun May 21 12:41:46 2023,187.675
Sun May 21 13:11:46 2023,184.52
Sun May 21 13:41:46 2023,230.307
Sun May 21 14:11:46 2023,287.181
Sun May 21 14:41:46 2023,182.401
Sun May 21 15:11:46 2023,230.576
Sun May 21 15:41:46 2023,118.986
Sun May 21 16:11:46 2023,168.687
Sun May 21 16:41:46 2023,126.637
Sun May 21 17:11:46 2023,125.793
Sun May 21 17:41:46 2023,91.3911
Sun May 21 18:11:46 2023,73.6434
Sun May 21 18:41:46 2023,53.4105
Sun May 21 19:11:46 2023,38.6778
Sun May 21 19:41:46 2023,15.5698
Sun May 21 20:11:46 2023,1.79137
Sun May 21 20:41:46 2023,-0.00018
Sun May 21 21:11:46 2023,-0.00018
Sun May 21 21:41:46 2023,-0.000178333
Sun May 21 22:11:46 2023,-0.00018
Sun May 21 22:41:46 2023,-0.00018
Sun May 21 23:11:46 2023,-0.00018
Sun May 21 23:41:46 2023,-0.00018
Mon May 22 00:11:46 2023,-0.00018
Mon May 22 00:41:46 2023,-0.00018
Mon May 22 01:11:46 2023,-0.00018
Mon May 22 01:41:46 2023,-0.00018
Mon May 22 02:11:46 2023,-0.00018
Mon May 22 02:41:46 2023,-0.00018
Mon May 22 03:11:46 2023,-0.00018
Mon May 22 03:41:46 2023,-0.00018
Mon May 22 04:11:46 2023,-0.00018
Mon May 22 04:41:46 2023,-0.00018
Mon May 22 05:11:46 2023,-0.000178333
Mon May 22 05:41:46 2023,-0.00018
Mon May 22 06:11:46 2023,0.0822783
Mon May 22 06:41:46 2023,3.96415
Mon May 22 07:11:46 2023,8.09381
Mon May 22 07:41:46 2023,30.9407
Mon May 22 08:11:46 2023,56.8628
Mon May 22 08:41:46 2023,82.4755
Mon May 22 09:11:46 2023,84.7982
Mon May 22 09:41:46 2023,111.479
Mon May 22 10:11:46 2023,77.0918
Mon May 22 10:41:46 2023,65.7176
Mon May 22 11:11:46 2023,107.035
Mon May 22 11:41:46 2023,109.687
Mon May 22 12:11:46 2023,114.88
Mon May 22 12:41:46 2023,143.651
Mon May 22 13:11:46 2023,95.0709
Mon May 22 13:41:46 2023,81.0867
Mon May 22 14:11:46 2023,69.7324
Mon May 22 14:41:46 2023,65.694
Mon May 22 15:11:46 2023,91.4152
Mon May 22 15:41:46 2023,54.0596
Mon May 22 16:11:46 2023,34.9846
Mon May 22 16:41:46 2023,21.1608
Mon May 22 17:11:46 2023,18.4265
Mon May 22 17:41:46 2023,15.9311
Mon May 22 18:11:46 2023,10.6707
Mon May 22 18:41:46 2023,9.88252
Mon May 22 19:11:46 2023,11.0153
Mon May 22 19:41:46 2023,4.75511
Mon May 22 20:11:46 2023,0.622762
Mon May 22 20:41:46 2023,0.00001
Mon May 22 21:11:46 2023,0.00001
Mon May 22 21:41:46 2023,0.00001
Mon May 22 22:11:46 2023,0.00001
Mon May 22 22:41:46 2023,0.00001
Mon May 22 23:11:46 2023,0.00001
Mon May 22 23:41:46 2023,0.00001
Tue May 23 00:11:46 2023,0.00001
Tue May 23 00:41:46 2023,0.00001
Tue May 23 01:11:46 2023,0.00001
Tue May 23 01:41:46 2023,0.00001
Tue May 23 02:11:46 2023,0.00001
Tue May 23 02:41:46 2023,0.00001
Tue May 23 03:11:46 2023,0.00001
Tue May 23 03:41:46 2023,0.00001
Tue May 23 04:11:46 2023,0.00001
Tue May 23 04:41:46 2023,0.00001
Tue May 23 05:11:46 2023,0.00001
Tue May 23 05:41:46 2023,0.00001
Tue May 23 06:11:46 2023,0.00001
Tue May 23 06:41:46 2023,2.95851
Tue May 23 07:11:46 2023,5.12496
Tue May 23 07:41:46 2023,12.146
Tue May 23 08:11:46 2023,34.6303
Tue May 23 08:41:46 2023,56.1112
Tue May 23 09:11:46 2023,65.7614
Tue May 23 09:41:46 2023,67.0382
Tue May 23 10:11:46 2023,114.346
Tue May 23 10:41:46 2023,128.28
Tue May 23 11:11:46 2023,133.646
Tue May 23 11:41:46 2023,118.91
Tue May 23 12:11:46 2023,118.91
Tue May 23 12:41:46 2023,100.472
Tue May 23 13:11:46 2023,166.865
Tue May 23 13:41:46 2023,193.812
Tue May 23 14:11:46 2023,159.772
Tue May 23 14:41:46 2023,176.925
Tue May 23 15:11:46 2023,194.641
Tue May 23 15:41:46 2023,213.706
Tue May 23 16:11:46 2023,158.048
Tue May 23 16:41:46 2023,129.069
Tue May 23 17:11:46 2023,99.8161
Tue May 23 17:41:46 2023,102.845
Tue May 23 18:11:46 2023,72.5515
Tue May 23 18:41:46 2023,41.2639
Tue May 23 19:11:46 2023,29.1619
Tue May 23 19:41:46 2023,13.8011
Tue May 23 20:11:46 2023,1.99125
Tue May 23 20:41:46 2023,-0.00001
Tue May 23 21:11:46 2023,-0.00001
Tue May 23 21:41:46 2023,-0.00001
Tue May 23 22:11:46 2023,-0.00001
Tue May 23 22:41:46 2023,-0.00001
Tue May 23 23:11:46 2023,-0.00001
Tue May 23 23:41:46 2023,-0.00001
Wed May 24 00:11:46 2023,-0.00001
Wed May 24 00:41:46 2023,-0.00001
Wed May 24 01:11:46 2023,-0.00001
Wed May 24 01:41:46 2023,-0.00001
Wed May 24 02:11:46 2023,-0.00001
Wed May 24 02:41:46 2023,-0.00001
Wed May 24 03:11:46 2023,-0.00001
Wed May 24 03:41:46 2023,-0.00001
Wed May 24 04:11:46 2023,-0.00001
Wed May 24 04:41:46 2023,-0.00001
Wed May 24 05:11:46 2023,-0.00001
Wed May 24 05:41:46 2023,-0.00001
Wed May 24 06:11:46 2023,0.675125
Wed May 24 06:41:46 2023,8.68087
Wed May 24 07:11:46 2023,24.9435
Wed May 24 07:41:46 2023,54.1896
Wed May 24 08:11:46 2023,84.6417
Wed May 24 08:41:46 2023,85.713
Wed May 24 09:11:46 2023,190.787
Wed May 24 09:41:46 2023,210.573
Wed May 24 10:11:46 2023,201.048
Wed May 24 10:41:46 2023,217.577
Wed May 24 11:11:46 2023,296.023
Wed May 24 11:41:46 2023,400.554
Wed May 24 12:11:46 2023,341.954
Wed May 24 12:41:46 2023,342.289
Wed May 24 13:11:46 2023,277.939
Wed May 24 13:41:46 2023,284.792
Wed May 24 14:11:46 2023,367.322
Wed May 24 14:41:46 2023,292.73
Wed May 24 15:11:46 2023,240.382
Wed May 24 15:41:46 2023,221.692
Wed May 24 16:11:46 2023,200.51
Wed May 24 16:41:46 2023,135.811
Wed May 24 17:11:46 2023,105.158
Wed May 24 17:41:46 2023,124.499
Wed May 24 18:11:46 2023,84.408
Wed May 24 18:41:46 2023,67.9423
Wed May 24 19:11:46 2023,39.8363
Wed May 24 19:41:46 2023,12.0317
Wed May 24 20:11:46 2023,1.26908
Wed May 24 20:41:46 2023,0.00069
Wed May 24 21:11:46 2023,0.00069
Wed May 24 21:41:46 2023,0.00069
Wed May 24 22:11:46 2023,0.000686667
Wed May 24 22:41:46 2023,0.000686667
Wed May 24 23:11:46 2023,0.000686667
Wed May 24 23:41:46 2023,0.000688333
Thu May 25 00:11:46 2023,0.000688333
Thu May 25 00:41:46 2023,0.00069
Thu May 25 01:11:46 2023,0.00069
Thu May 25 01:41:46 2023,0.000688333
Thu May 25 02:11:46 2023,0.000688333
Thu May 25 02:41:46 2023,0.00069
Thu May 25 03:11:46 2023,0.00069
Thu May 25 03:41:46 2023,0.00069
Thu May 25 04:11:46 2023,0.000691667
Thu May 25 04:41:46 2023,0.00069
Thu May 25 05:11:46 2023,0.000688333
Thu May 25 05:41:46 2023,0.000688333
Thu May 25 06:11:46 2023,0.671988
Thu May 25 06:41:46 2023,8.51454
Thu May 25 07:11:46 2023,25.6871
Thu May 25 07:41:46 2023,55.1646
Thu May 25 08:11:46 2023,82.1484
Thu May 25 08:41:46 2023,138.993
Thu May 25 09:11:46 2023,192.529
Thu May 25 09:41:46 2023,203.295
Thu May 25 10:11:46 2023,196.179
Thu May 25 10:41:46 2023,217.613
Thu May 25 11:11:46 2023,295.019
Thu May 25 11:41:46 2023,401.565
Thu May 25 12:11:46 2023,340.625
Thu May 25 12:41:46 2023,352.954
Thu May 25 13:11:46 2023,288.5
Thu May 25 13:41:46 2023,276.892
Thu May 25 14:11:46 2023,362.056
Thu May 25 14:41:46 2023,304.073
Thu May 25 15:11:46 2023,229.717
Thu May 25 15:41:46 2023,228.085
Thu May 25 16:11:46 2023,221.08
Thu May 25 16:41:46 2023,166.564
Thu May 25 17:11:46 2023,123.343
Thu May 25 17:41:46 2023,103.228
Thu May 25 18:11:46 2023,85.5466
Thu May 25 18:41:46 2023,60.4199
Thu May 25 19:11:46 2023,44.1798
Thu May 25 19:41:46 2023,21.1745
Thu May 25 20:11:46 2023,2.89782
Thu May 25 20:41:46 2023,-0.00009
Thu May 25 21:11:46 2023,-0.00009
Thu May 25 21:41:46 2023,-0.00009
Thu May 25 22:11:46 2023,-0.00009
Thu May 25 22:41:46 2023,-0.00009
Thu May 25 23:11:46 2023,-0.00009
Thu May 25 23:41:46 2023,-0.00009
Fri May 26 00:11:46 2023,-0.00009
Fri May 26 00:41:46 2023,-0.00009
Fri May 26 01:11:46 2023,-0.00009
Fri May 26 01:41:46 2023,-0.00009
Fri May 26 02:11:46 2023,-0.00009
Fri May 26 02:41:46 2023,-0.00009
Fri May 26 03:11:46 2023,-0.00009
Fri May 26 03:41:46 2023,-0.00009
Fri May 26 04:11:46 2023,-0.00009
Fri May 26 04:41:46 2023,-0.00009
Fri May 26 05:11:46 2023,-0.0000883333
Fri May 26 05:41:46 2023,-0.00009
Fri May 26 06:11:46 2023,0.829608
Fri May 26 06:41:46 2023,10.1719
Fri May 26 07:11:46 2023,27.6019
Fri May 26 07:41:46 2023,57.8674
Fri May 26 08:11:46 2023,79.5684
Fri May 26 08:41:46 2023,144.346
Fri May 26 09:11:46 2023,206.447
Fri May 26 09:41:46 2023,220.642
Fri May 26 10:11:46 2023,202.854
Fri May 26 10:41:46 2023,219.442
Fri May 26 11:11:46 2023,290.078
Fri May 26 11:41:46 2023,398.556
Fri May 26 12:11:46 2023,332.871
Fri May 26 12:41:46 2023,359.633
Fri May 26 13:11:46 2023,302.481
Fri May 26 13:41:46 2023,273.974
Fri May 26 14:11:46 2023,366.072
Fri May 26 14:41:46 2023,244.252
Fri May 26 15:11:46 2023,241.59
Fri May 26 15:41:46 2023,235.342
Fri May 26 16:11:46 2023,224.964
Fri May 26 16:41:46 2023,165.849
Fri May 26 17:11:46 2023,121.622
Fri May 26 17:41:46 2023,98.5154
Fri May 26 18:11:46 2023,77.4441
Fri May 26 18:41:46 2023,60.39
Fri May 26 19:11:46 2023,44.934
Fri May 26 19:41:46 2023,22.2624
Fri May 26 20:11:46 2023,4.02802
Fri May 26 20:41:46 2023,0.00018
Fri May 26 21:11:46 2023,0.00018
Fri May 26 21:41:46 2023,0.000178333
Fri May 26 22:11:46 2023,0.00018
Fri May 26 22:41:46 2023,0.00018
Fri May 26 23:11:46 2023,0.00018
Fri May 26 23:41:46 2023,0.00018
Sat May 27 00:11:46 2023,0.00018
Sat May 27 00:41:46 2023,0.00018
Sat May 27 01:11:46 2023,0.00018
Sat May 27 01:41:46 2023,0.000176667
Sat May 27 02:11:46 2023,0.000178333
Sat May 27 02:41:46 2023,0.00018
Sat May 27 03:11:46 2023,0.00018
Sat May 27 03:41:46 2023,0.00018
Sat May 27 04:11:46 2023,0.00018
Sat May 27 04:41:46 2023,0.00018
Sat May 27 05:11:46 2023,0.00018
Sat May 27 05:41:46 2023,0.00018
Sat May 27 06:11:46 2023,0.649588
Sat May 27 06:41:46 2023,9.04667
Sat May 27 07:11:46 2023,27.0249
Sat May 27 07:41:46 2023,59.2049
Sat May 27 08:11:46 2023,86.815
Sat May 27 08:41:46 2023,149.819
Sat May 27 09:11:46 2023,215.73
Sat May 27 09:41:46 2023,218.603
Sat May 27 10:11:46 2023,200.945
Sat May 27 10:41:46 2023,221.431
Sat May 27 11:11:46 2023,295.505
Sat May 27 11:41:46 2023,421.65
Sat May 27 12:11:46 2023,344.458
Sat May 27 12:41:46 2023,375.011
Sat May 27 13:11:46 2023,313.831
Sat May 27 13:41:46 2023,265.85
Sat May 27 14:11:46 2023,373.207
Sat May 27 14:41:46 2023,325.839
Sat May 27 15:11:46 2023,224.696
Sat May 27 15:41:46 2023,213.978
Sat May 27 16:11:46 2023,226.886
Sat May 27 16:41:46 2023,159.497
Sat May 27 17:11:46 2023,111.82
Sat May 27 17:41:46 2023,92.1743
Sat May 27 18:11:46 2023,72.1859
Sat May 27 18:41:46 2023,55.1408
Sat May 27 19:11:46 2023,50.1347
Sat May 27 19:41:46 2023,26.6199
Sat May 27 20:11:46 2023,4.0774
Sat May 27 20:41:46 2023,0.000815
Sat May 27 21:11:46 2023,0.000816667
Sat May 27 21:41:46 2023,0.000816667
Sat May 27 22:11:46 2023,0.00082
Sat May 27 22:41:46 2023,0.000816667
Sat May 27 23:11:46 2023,0.000818333
Sat May 27 23:41:46 2023,0.000818333
Sun May 28 00:11:46 2023,0.000811667
Sun May 28 00:41:46 2023,0.000816667
Sun May 28 01:11:46 2023,0.000813333
Sun May 28 01:41:46 2023,0.000816667
Sun May 28 02:11:46 2023,0.000815
Sun May 28 02:41:46 2023,0.00082
Sun May 28 03:11:46 2023,0.00082
Sun May 28 03:41:46 2023,0.000818333
Sun May 28 04:11:46 2023,0.000816667
Sun May 28 04:41:46 2023,0.000823333
Sun May 28 05:11:46 2023,0.000818333
Sun May 28 05:41:46 2023,0.000816667
Sun May 28 06:11:46 2023,1.02628
Sun May 28 06:41:46 2023,10.3527
Sun May 28 07:11:46 2023,23.8483
Sun May 28 07:41:46 2023,52.1235
Sun May 28 08:11:46 2023,88.1467
Sun May 28 08:41:46 2023,151.785
Sun May 28 09:11:46 2023,217.97
Sun May 28 09:41:46 2023,217.856
Sun May 28 10:11:46 2023,194.497
Sun May 28 10:41:46 2023,223.111
Sun May 28 11:11:46 2023,296.649
Sun May 28 11:41:46 2023,413.021
Sun May 28 12:11:46 2023,350.288
Sun May 28 12:41:46 2023,349.141
Sun May 28 13:11:46 2023,329.426
Sun May 28 13:41:46 2023,267.633
Sun May 28 14:11:46 2023,366.225
Sun May 28 14:41:46 2023,325.104
Sun May 28 15:11:46 2023,222.23
Sun May 28 15:41:46 2023,206.291
Sun May 28 16:11:46 2023,205.361
Sun May 28 16:41:46 2023,162.738
Sun May 28 17:11:46 2023,103.811
Sun May 28 17:41:46 2023,77.2495
Sun May 28 18:11:46 2023,71.2817
Sun May 28 18:41:46 2023,60.1508
Sun May 28 19:11:46 2023,53.8895
Sun May 28 19:41:46 2023,18.2745
Sun May 28 20:11:46 2023,3.29569
Sun May 28 20:41:46 2023,0.00129833
Sun May 28 21:11:46 2023,0.0013
Sun May 28 21:41:46 2023,0.00129
Sun May 28 22:11:46 2023,0.00129167
Sun May 28 22:41:46 2023,0.00129333
Sun May 28 23:11:46 2023,0.00129
Sun May 28 23:41:46 2023,0.00129333
Mon May 29 00:11:46 2023,0.00129167
Mon May 29 00:41:46 2023,0.00129833
Mon May 29 01:11:46 2023,0.00129667
Mon May 29 01:41:46 2023,0.00128833
Mon May 29 02:11:46 2023,0.00129833
Mon May 29 02:41:46 2023,0.00129667
Mon May 29 03:11:46 2023,0.001285
Mon May 29 03:41:46 2023,0.0013
Mon May 29 04:11:46 2023,0.001295
Mon May 29 04:41:46 2023,0.00129333
Mon May 29 05:11:46 2023,0.00129167
Mon May 29 05:41:46 2023,0.00129333
Mon May 29 06:11:46 2023,0.996767
Mon May 29 06:41:46 2023,9.36782
Mon May 29 07:11:46 2023,27.0419
Mon May 29 07:41:46 2023,65.8314
Mon May 29 08:11:46 2023,88.0073
Mon May 29 08:41:46 2023,144.926
Mon May 29 09:11:46 2023,155.298
Mon May 29 09:41:46 2023,89.1195
Mon May 29 10:11:46 2023,108.59
Mon May 29 10:41:46 2023,128.547
Mon May 29 11:11:46 2023,208.525
Mon May 29 11:41:46 2023,197.19
Mon May 29 12:11:46 2023,165.704
Mon May 29 12:41:46 2023,288.098
Mon May 29 13:11:46 2023,331.196
Mon May 29 13:41:46 2023,252.587
Mon May 29 14:11:46 2023,332.254
Mon May 29 14:41:46 2023,324.503
Mon May 29 15:11:46 2023,234.151
Mon May 29 15:41:46 2023,185.914
Mon May 29 16:11:46 2023,203.777
Mon May 29 16:41:46 2023,154.368
Mon May 29 17:11:46 2023,115.06
Mon May 29 17:41:46 2023,96.7994
Mon May 29 18:11:46 2023,74.3459
Mon May 29 18:41:46 2023,56.6358
Mon May 29 19:11:46 2023,53.5162
Mon May 29 19:41:46 2023,34.766
Mon May 29 20:11:46 2023,6.18824
Mon May 29 20:41:46 2023,0.019675
Mon May 29 21:11:46 2023,0
Mon May 29 21:41:46 2023,0
Mon May 29 22:11:46 2023,0
Mon May 29 22:41:46 2023,0
Mon May 29 23:11:46 2023,0
Mon May 29 23:41:46 2023,0
Tue May 30 00:11:46 2023,0
Tue May 30 00:41:46 2023,0
Tue May 30 01:11:46 2023,0
Tue May 30 01:41:46 2023,0
Tue May 30 02:11:46 2023,0
Tue May 30 02:41:46 2023,0
Tue May 30 03:11:46 2023,0
Tue May 30 03:41:46 2023,0
Tue May 30 04:11:46 2023,0
Tue May 30 04:41:46 2023,0
Tue May 30 05:11:46 2023,0
Tue May 30 05:41:46 2023,0
Tue May 30 06:11:46 2023,1.06074
Tue May 30 06:41:46 2023,9.21641
Tue May 30 07:11:46 2023,26.0625
Tue May 30 07:41:46 2023,45.454
Tue May 30 08:11:46 2023,56.3462
Tue May 30 08:41:46 2023,128.422
Tue May 30 09:11:46 2023,206.676
Tue May 30 09:41:46 2023,194.948
Tue May 30 10:11:46 2023,147.218
Tue May 30 10:41:46 2023,225.797
Tue May 30 11:11:46 2023,227.262
Tue May 30 11:41:46 2023,353.147
Tue May 30 12:11:46 2023,232.802
Tue May 30 12:41:46 2023,381.57
Tue May 30 13:11:46 2023,292.19
Tue May 30 13:41:46 2023,244.706
Tue May 30 14:11:46 2023,385.25
Tue May 30 14:41:46 2023,255.21
Tue May 30 15:11:46 2023,192.274
Tue May 30 15:41:46 2023,194.307
Tue May 30 16:11:46 2023,170.803
Tue May 30 16:41:46 2023,111.607
Tue May 30 17:11:46 2023,125.014
Tue May 30 17:41:46 2023,53.2962
Tue May 30 18:11:46 2023,94.624
Tue May 30 18:41:46 2023,58.7939
Tue May 30 19:11:46 2023,52.9247
Tue May 30 19:41:46 2023,30.3915
Tue May 30 20:11:46 2023,5.35029
Tue May 30 20:41:46 2023,0.0391067
Tue May 30 21:11:46 2023,0.0000866667
Tue May 30 21:41:46 2023,0.00009
Tue May 30 22:11:46 2023,0.00009
Tue May 30 22:41:46 2023,0.00009
Tue May 30 23:11:46 2023,0.00009
Tue May 30 23:41:46 2023,0.00009
Wed May 31 00:11:46 2023,0.00009
Wed May 31 00:41:46 2023,0.00009
Wed May 31 01:11:46 2023,0.00009
Wed May 31 01:41:46 2023,0.00009
Wed May 31 02:11:46 2023,0.00009
Wed May 31 02:41:46 2023,0.00009
Wed May 31 03:11:46 2023,0.00009
Wed May 31 03:41:46 2023,0.00009
Wed May 31 04:11:46 2023,0.00009
Wed May 31 04:41:46 2023,0.00009
Wed May 31 05:11:46 2023,0.00009
Wed May 31 05:41:46 2023,0.0000883333
Wed May 31 06:11:46 2023,0.312308
Wed May 31 06:41:46 2023,4.33065
Wed May 31 07:11:46 2023,10.0184
Wed May 31 07:41:46 2023,23.5311
Wed May 31 08:11:46 2023,39.0008
Wed May 31 08:41:46 2023,36.6268
Wed May 31 09:11:46 2023,43.4417
Wed May 31 09:41:46 2023,82.0458
Wed May 31 10:11:46 2023,125.477
Wed May 31 10:41:46 2023,112.605
Wed May 31 11:11:46 2023,139.973
Wed May 31 11:41:46 2023,178.047
Wed May 31 12:11:46 2023,243.089
Wed May 31 12:41:46 2023,156.039
Wed May 31 13:11:46 2023,152.074
Wed May 31 13:41:46 2023,144.82
Wed May 31 14:11:46 2023,256.532
Wed May 31 14:41:46 2023,223.667
Wed May 31 15:11:46 2023,226.334
Wed May 31 15:41:46 2023,214.011
Wed May 31 16:11:46 2023,136.935
Wed May 31 16:41:46 2023,147.531
Wed May 31 17:11:46 2023,124.654
Wed May 31 17:41:46 2023,114.728
Wed May 31 18:11:46 2023,67.63
Wed May 31 18:41:46 2023,46.0338
Wed May 31 19:11:46 2023,29.1421
Wed May 31 19:41:46 2023,15.4943
Wed May 31 20:11:46 2023,5.34211
Wed May 31 20:41:46 2023,0.021835
Wed May 31 21:11:46 2023,-0.000381667
Wed May 31 21:41:46 2023,-0.000378333
Wed May 31 22:11:46 2023,-0.000381667
Wed May 31 22:41:46 2023,-0.00038
Wed May 31 23:11:46 2023,-0.00038
Wed May 31 23:41:46 2023,-0.00038
