date-time,relative-humidity-percent
Sun Apr 30 10:38:58 2023,72.1175
Sun Apr 30 11:08:58 2023,63.075
Sun Apr 30 11:38:58 2023,59.5544
Sun Apr 30 12:08:58 2023,51.4163
Sun Apr 30 12:38:58 2023,48.8425
Sun Apr 30 13:08:58 2023,39.5307
Sun Apr 30 13:38:58 2023,46.9151
Sun Apr 30 14:08:58 2023,43.6946
Sun Apr 30 14:38:58 2023,35.862
Sun Apr 30 15:08:58 2023,39.1718
Sun Apr 30 15:38:58 2023,44.4494
Sun Apr 30 16:08:58 2023,31.571
Sun Apr 30 16:38:58 2023,39.9986
Sun Apr 30 17:08:58 2023,33.9711
Sun Apr 30 17:38:58 2023,26.0164
Sun Apr 30 18:08:58 2023,26.2038
Sun Apr 30 18:38:58 2023,25.2779
Sun Apr 30 19:08:58 2023,28.789
Sun Apr 30 19:38:58 2023,32.787
Sun Apr 30 20:08:58 2023,33.1219
Sun Apr 30 20:38:58 2023,32.4014
Sun Apr 30 21:08:58 2023,31.6561
Sun Apr 30 21:38:58 2023,32.2607
Sun Apr 30 22:08:58 2023,32.3479
Sun Apr 30 22:38:58 2023,32.8128
Sun Apr 30 23:08:58 2023,33.0695
Sun Apr 30 23:38:58 2023,33.0564
Mon May 1 00:08:58 2023,33.848
Mon May 1 00:38:58 2023,34.2059
Mon May 1 01:08:58 2023,34.4052
Mon May 1 01:38:58 2023,34.9785
Mon May 1 02:08:58 2023,34.8557
Mon May 1 02:38:58 2023,34.0048
Mon May 1 03:08:58 2023,33.6638
Mon May 1 03:38:58 2023,33.7291
Mon May 1 04:08:58 2023,34.1977
Mon May 1 04:38:58 2023,34.6291
Mon May 1 05:08:58 2023,34.552
Mon May 1 05:38:58 2023,34.4382
Mon May 1 06:08:58 2023,34.1248
Mon May 1 06:38:58 2023,33.1312
Mon May 1 07:08:58 2023,37.2507
Mon May 1 07:38:58 2023,38.6196
Mon May 1 08:08:58 2023,40.9153
Mon May 1 08:38:58 2023,35.2627
Mon May 1 09:08:58 2023,33.4908
Mon May 1 09:38:58 2023,30.8635
Mon May 1 10:08:58 2023,27.4577
Mon May 1 10:38:58 2023,25.194
Mon May 1 11:08:58 2023,29.672
Mon May 1 11:38:58 2023,38.8539
Mon May 1 12:08:58 2023,24.5189
Mon May 1 12:38:58 2023,33.9873
Mon May 1 13:08:58 2023,33.4753
Mon May 1 13:38:58 2023,33.1125
Mon May 1 14:08:58 2023,27.5364
Mon May 1 14:38:58 2023,34.8713
Mon May 1 15:08:58 2023,24.1752
Mon May 1 15:38:58 2023,35.7498
Mon May 1 16:08:58 2023,31.1976
Mon May 1 16:38:58 2023,29.4891
Mon May 1 17:08:58 2023,20.199
Mon May 1 17:38:58 2023,20.0962
Mon May 1 18:08:58 2023,20.4072
Mon May 1 18:38:58 2023,21.5136
Mon May 1 19:08:58 2023,23.6096
Mon May 1 19:38:58 2023,26.0792
Mon May 1 20:08:58 2023,27.3372
Mon May 1 20:38:58 2023,27.3887
Mon May 1 21:08:58 2023,24.3333
Mon May 1 21:38:58 2023,26.9462
Mon May 1 22:08:58 2023,27.2077
Mon May 1 22:38:58 2023,28.0048
Mon May 1 23:08:58 2023,28.8238
Mon May 1 23:38:58 2023,29.0814
Tue May 2 00:08:58 2023,29.7871
Tue May 2 00:38:58 2023,30.7127
Tue May 2 01:08:58 2023,30.0224
Tue May 2 01:38:58 2023,30.1195
Tue May 2 02:08:58 2023,30.2306
Tue May 2 02:38:58 2023,30.4297
Tue May 2 03:08:58 2023,30.6152
Tue May 2 03:38:58 2023,30.0996
Tue May 2 04:08:58 2023,29.2472
Tue May 2 04:38:58 2023,29.587
Tue May 2 05:08:58 2023,29.4303
Tue May 2 05:38:58 2023,29.7391
Tue May 2 06:08:58 2023,30.1576
Tue May 2 06:38:58 2023,29.7727
Tue May 2 07:08:58 2023,30.8857
Tue May 2 07:38:58 2023,31.1114
Tue May 2 08:08:58 2023,32.1376
Tue May 2 08:38:58 2023,29.2671
Tue May 2 09:08:58 2023,28.71
Tue May 2 09:38:58 2023,26.8482
Tue May 2 10:08:58 2023,23.9753
Tue May 2 10:38:58 2023,28.4867
Tue May 2 11:08:58 2023,36.1205
Tue May 2 11:38:58 2023,31.8028
Tue May 2 12:08:58 2023,34.9002
Tue May 2 12:38:58 2023,37.5971
Tue May 2 13:08:58 2023,22.5998
Tue May 2 13:38:58 2023,32.1334
Tue May 2 14:08:58 2023,33.2764
Tue May 2 14:38:58 2023,34.911
Tue May 2 15:08:58 2023,32.4914
Tue May 2 15:38:58 2023,28.5977
Tue May 2 16:08:58 2023,24.1261
Tue May 2 16:38:58 2023,23.2718
Tue May 2 17:08:58 2023,22.2619
Tue May 2 17:38:58 2023,23.288
Tue May 2 18:08:58 2023,21.8597
Tue May 2 18:38:58 2023,22.9291
Tue May 2 19:08:58 2023,23.8822
Tue May 2 19:38:58 2023,25.7001
Tue May 2 20:08:58 2023,28.8102
Tue May 2 20:38:58 2023,29.6471
Tue May 2 21:08:58 2023,28.6891
Tue May 2 21:38:58 2023,27.7545
Tue May 2 22:08:58 2023,26.2796
Tue May 2 22:38:58 2023,26.8668
Tue May 2 23:08:58 2023,26.6635
Tue May 2 23:38:58 2023,27.8482
Wed May 3 00:08:58 2023,27.2881
Wed May 3 00:38:58 2023,27.2302
Wed May 3 01:08:58 2023,27.5172
Wed May 3 01:38:58 2023,27.8923
Wed May 3 02:08:58 2023,27.0836
Wed May 3 02:38:58 2023,26.9893
Wed May 3 03:08:58 2023,28.0694
Wed May 3 03:38:58 2023,27.9208
Wed May 3 04:08:58 2023,28.4936
Wed May 3 04:38:58 2023,28.3321
Wed May 3 05:08:58 2023,29.0167
Wed May 3 05:38:58 2023,28.8529
Wed May 3 06:08:58 2023,28.8911
Wed May 3 06:38:58 2023,27.8192
Wed May 3 07:08:58 2023,29.3623
Wed May 3 07:38:58 2023,31.2425
Wed May 3 08:08:58 2023,33.0959
Wed May 3 08:38:58 2023,29.2134
Wed May 3 09:08:58 2023,28.8191
Wed May 3 09:38:58 2023,25.3494
Wed May 3 10:08:58 2023,18.8974
Wed May 3 10:38:58 2023,17.6663
Wed May 3 11:08:58 2023,27.3796
Wed May 3 11:38:58 2023,30.1281
Wed May 3 12:08:58 2023,19.3326
Wed May 3 12:38:58 2023,33.6785
Wed May 3 13:08:58 2023,31.1923
Wed May 3 13:38:58 2023,35.2349
Wed May 3 14:08:58 2023,31.8478
Wed May 3 14:38:58 2023,21.7765
Wed May 3 15:08:58 2023,35.3943
Wed May 3 15:38:58 2023,36.786
Wed May 3 16:08:58 2023,39.9581
Wed May 3 16:38:58 2023,34.1345
Wed May 3 17:08:58 2023,36.5751
Wed May 3 17:38:58 2023,25.2022
Wed May 3 18:08:58 2023,23.4709
Wed May 3 18:38:58 2023,25.363
Wed May 3 19:08:58 2023,26.0116
Wed May 3 19:38:58 2023,28.4026
Wed May 3 20:08:58 2023,31.6813
Wed May 3 20:38:58 2023,33.6035
Wed May 3 21:08:58 2023,34.8034
Wed May 3 21:38:58 2023,35.3562
Wed May 3 22:08:58 2023,35.0082
Wed May 3 22:38:58 2023,35.2184
Wed May 3 23:08:58 2023,36.6053
Wed May 3 23:38:58 2023,37.0104
Thu May 4 00:08:58 2023,35.7019
Thu May 4 00:38:58 2023,36.9184
Thu May 4 01:08:58 2023,37.0273
Thu May 4 01:38:58 2023,37.9274
Thu May 4 02:08:58 2023,37.9018
Thu May 4 02:38:58 2023,37.1582
Thu May 4 03:08:58 2023,38.0074
Thu May 4 03:38:58 2023,37.6299
Thu May 4 04:08:58 2023,36.1036
Thu May 4 04:38:58 2023,35.4694
Thu May 4 05:08:58 2023,36.1101
Thu May 4 05:38:58 2023,37.3308
Thu May 4 06:08:58 2023,36.5663
Thu May 4 06:38:58 2023,35.2515
Thu May 4 07:08:58 2023,36.5615
Thu May 4 07:38:58 2023,37.705
Thu May 4 08:08:58 2023,40.7127
Thu May 4 08:38:58 2023,35.4661
Thu May 4 09:08:58 2023,35.8617
Thu May 4 09:38:58 2023,29.3296
Thu May 4 10:08:58 2023,31.6189
Thu May 4 10:38:58 2023,29.1951
Thu May 4 11:08:58 2023,35.7689
Thu May 4 11:38:58 2023,36.4337
Thu May 4 12:08:58 2023,33.2324
Thu May 4 12:38:58 2023,36.5538
Thu May 4 13:08:58 2023,36.0309
Thu May 4 13:38:58 2023,35.805
Thu May 4 14:08:58 2023,36.5049
Thu May 4 14:38:58 2023,38.8813
Thu May 4 15:08:58 2023,37.0508
Thu May 4 15:38:58 2023,38.1444
Thu May 4 16:08:58 2023,36.7449
Thu May 4 16:38:58 2023,34.1627
Thu May 4 17:08:58 2023,33.1451
Thu May 4 17:38:58 2023,23.8067
Thu May 4 18:08:58 2023,26.3287
Thu May 4 18:38:58 2023,27.0079
Thu May 4 19:08:58 2023,27.9863
Thu May 4 19:38:58 2023,29.986
Thu May 4 20:08:58 2023,34.4983
Thu May 4 20:38:58 2023,38.0756
Thu May 4 21:08:58 2023,39.7601
Thu May 4 21:38:58 2023,42.5444
Thu May 4 22:08:58 2023,40.7982
Thu May 4 22:38:58 2023,41.2409
Thu May 4 23:08:58 2023,42.4786
Thu May 4 23:38:58 2023,42.7152
Fri May 5 00:08:58 2023,44.0042
Fri May 5 00:38:58 2023,43.5457
Fri May 5 01:08:58 2023,43.6917
Fri May 5 01:38:58 2023,44.1141
Fri May 5 02:08:58 2023,43.1972
Fri May 5 02:38:58 2023,44.7326
Fri May 5 03:08:58 2023,43.7455
Fri May 5 03:38:58 2023,44.861
Fri May 5 04:08:58 2023,44.7806
Fri May 5 04:38:58 2023,44.2419
Fri May 5 05:08:58 2023,43.6591
Fri May 5 05:38:58 2023,42.5316
Fri May 5 06:08:58 2023,42.692
Fri May 5 06:38:58 2023,44.2995
Fri May 5 07:08:58 2023,44.7346
Fri May 5 07:38:58 2023,43.8311
Fri May 5 08:08:58 2023,47.4958
Fri May 5 08:38:58 2023,47.8769
Fri May 5 09:08:58 2023,47.6299
Fri May 5 09:38:58 2023,49.3961
Fri May 5 10:08:58 2023,50.948
Fri May 5 10:38:58 2023,49.3226
Fri May 5 11:08:58 2023,47.2155
Fri May 5 11:38:58 2023,44.1639
Fri May 5 12:08:58 2023,43.8696
Fri May 5 12:38:58 2023,42.5588
Fri May 5 13:08:58 2023,43.261
Fri May 5 13:38:58 2023,52.8054
Fri May 5 14:08:58 2023,62.0585
Fri May 5 14:38:58 2023,67.447
Fri May 5 15:08:58 2023,71.2687
Fri May 5 15:38:58 2023,72.8421
Fri May 5 16:08:58 2023,77.5058
Fri May 5 16:38:58 2023,77.3668
Fri May 5 17:08:58 2023,81.6008
Fri May 5 17:38:58 2023,76.9827
Fri May 5 18:08:58 2023,74.823
Fri May 5 18:38:58 2023,71.9608
Fri May 5 19:08:58 2023,72.0127
Fri May 5 19:38:58 2023,67.9812
Fri May 5 20:08:58 2023,66.993
Fri May 5 20:38:58 2023,62.8089
Fri May 5 21:08:58 2023,62.4439
Fri May 5 21:38:58 2023,61.794
Fri May 5 22:08:58 2023,60.4554
Fri May 5 22:38:58 2023,60.6149
Fri May 5 23:08:58 2023,60.4126
Fri May 5 23:38:58 2023,61.6189
Sat May 6 00:08:58 2023,61.5106
Sat May 6 00:38:58 2023,60.2818
Sat May 6 01:08:58 2023,60.3052
Sat May 6 01:38:58 2023,60.3348
Sat May 6 02:08:58 2023,60.307
Sat May 6 02:38:58 2023,60.9232
Sat May 6 03:08:58 2023,60.9733
Sat May 6 03:38:58 2023,60.4524
Sat May 6 04:08:58 2023,59.7418
Sat May 6 04:38:58 2023,59.3376
Sat May 6 05:08:58 2023,60.5575
Sat May 6 05:38:58 2023,61.2772
Sat May 6 06:08:58 2023,61.4333
Sat May 6 06:38:58 2023,59.4755
Sat May 6 07:08:58 2023,63.4463
Sat May 6 07:38:58 2023,66.9328
Sat May 6 08:08:58 2023,71.8191
Sat May 6 08:38:58 2023,76.065
Sat May 6 09:08:58 2023,73.12
Sat May 6 09:38:58 2023,74.8544
Sat May 6 10:08:58 2023,75.7498
Sat May 6 10:38:58 2023,53.6495
Sat May 6 11:08:58 2023,51.1763
Sat May 6 11:38:58 2023,56.8521
Sat May 6 12:08:58 2023,50.0466
Sat May 6 12:38:58 2023,55.7175
Sat May 6 13:08:58 2023,54.4537
Sat May 6 13:38:58 2023,54.0419
Sat May 6 14:08:58 2023,51.8043
Sat May 6 14:38:58 2023,47.4376
Sat May 6 15:08:58 2023,46.2814
Sat May 6 15:38:58 2023,47.1132
Sat May 6 16:08:58 2023,49.9188
Sat May 6 16:38:58 2023,49.7888
Sat May 6 17:08:58 2023,52.5042
Sat May 6 17:38:58 2023,54.6482
Sat May 6 18:08:58 2023,55.2036
Sat May 6 18:38:58 2023,54.605
Sat May 6 19:08:58 2023,57.3206
Sat May 6 19:38:58 2023,61.2022
Sat May 6 20:08:58 2023,66.5873
Sat May 6 20:38:58 2023,71.0439
Sat May 6 21:08:58 2023,75.4115
Sat May 6 21:38:58 2023,72.0264
Sat May 6 22:08:58 2023,72.6259
Sat May 6 22:38:58 2023,71.4129
Sat May 6 23:08:58 2023,70.5785
Sat May 6 23:38:58 2023,69.6625
Sun May 7 00:08:58 2023,71.5031
Sun May 7 00:38:58 2023,72.304
Sun May 7 01:08:58 2023,70.1149
Sun May 7 01:38:58 2023,70.9688
Sun May 7 02:08:58 2023,71.8511
Sun May 7 02:38:58 2023,71.0962
Sun May 7 03:08:58 2023,71.128
Sun May 7 03:38:58 2023,68.3036
Sun May 7 04:08:58 2023,69.8836
Sun May 7 04:38:58 2023,68.8563
Sun May 7 05:08:58 2023,68.4773
Sun May 7 05:38:58 2023,68.078
Sun May 7 06:08:58 2023,68.5518
Sun May 7 06:38:58 2023,67.5289
Sun May 7 07:08:58 2023,70.9284
Sun May 7 07:38:58 2023,78.147
Sun May 7 08:08:58 2023,72.0363
Sun May 7 08:38:58 2023,69.4863
Sun May 7 09:08:58 2023,60.9425
Sun May 7 09:38:58 2023,59.6967
Sun May 7 10:08:58 2023,56.8841
Sun May 7 10:38:58 2023,57.5181
Sun May 7 11:08:58 2023,57.9571
Sun May 7 11:38:58 2023,58.821
Sun May 7 12:08:58 2023,59.0735
Sun May 7 12:38:58 2023,56.4918
Sun May 7 13:08:58 2023,61.6998
Sun May 7 13:38:58 2023,59.2933
Sun May 7 14:08:58 2023,59.3699
Sun May 7 14:38:58 2023,59.3642
Sun May 7 15:08:58 2023,59.8159
Sun May 7 15:38:58 2023,61.2555
Sun May 7 16:08:58 2023,59.77
Sun May 7 16:38:58 2023,59.3718
Sun May 7 17:08:58 2023,62.05
Sun May 7 17:38:58 2023,71.6576
Sun May 7 18:08:58 2023,69.9354
Sun May 7 18:38:58 2023,63.8354
Sun May 7 19:08:58 2023,59.5583
Sun May 7 19:38:58 2023,60.1443
Sun May 7 20:08:58 2023,64.535
Sun May 7 20:38:58 2023,70.3791
Sun May 7 21:08:58 2023,74.1849
Sun May 7 21:38:58 2023,77.0808
Sun May 7 22:08:58 2023,81.2132
Sun May 7 22:38:58 2023,83.4373
Sun May 7 23:08:58 2023,85.3671
Sun May 7 23:38:58 2023,86.6729
Mon May 8 00:08:58 2023,87.9869
Mon May 8 00:38:58 2023,89.2781
Mon May 8 01:08:58 2023,89.8991
Mon May 8 01:38:58 2023,90.8024
Mon May 8 02:08:58 2023,90.1343
Mon May 8 02:38:58 2023,83.9639
Mon May 8 03:08:58 2023,81.3358
Mon May 8 03:38:58 2023,78.8158
Mon May 8 04:08:58 2023,82.8714
Mon May 8 04:38:58 2023,77.7676
Mon May 8 05:08:58 2023,78.9637
Mon May 8 05:38:58 2023,78.7154
Mon May 8 06:08:58 2023,78.8876
Mon May 8 06:38:58 2023,82.5579
Mon May 8 07:08:58 2023,79.2054
Mon May 8 07:38:58 2023,81.3171
Mon May 8 08:08:58 2023,86.1873
Mon May 8 08:38:58 2023,88.8663
Mon May 8 09:08:58 2023,85.4519
Mon May 8 09:38:58 2023,85.0298
Mon May 8 10:08:58 2023,70.5486
Mon May 8 10:38:58 2023,60.5774
Mon May 8 11:08:58 2023,61.7127
Mon May 8 11:38:58 2023,65.673
Mon May 8 12:08:58 2023,64.4525
Mon May 8 12:38:58 2023,64.8893
Mon May 8 13:08:58 2023,58.1877
Mon May 8 13:38:58 2023,62.4139
Mon May 8 14:08:58 2023,54.1189
Mon May 8 14:38:58 2023,58.1141
Mon May 8 15:08:58 2023,64.0079
Mon May 8 15:38:58 2023,65.575
Mon May 8 16:08:58 2023,61.0678
Mon May 8 16:38:58 2023,57.7275
Mon May 8 17:08:58 2023,63.4845
Mon May 8 17:38:58 2023,56.4677
Mon May 8 18:08:58 2023,58.4393
Mon May 8 18:38:58 2023,62.2169
Mon May 8 19:08:58 2023,65.2245
Mon May 8 19:38:58 2023,68.3358
Mon May 8 20:08:58 2023,73.9694
Mon May 8 20:38:58 2023,79.9401
Mon May 8 21:08:58 2023,83.8391
Mon May 8 21:38:58 2023,87.1314
Mon May 8 22:08:58 2023,89.2978
Mon May 8 22:38:58 2023,90.4072
Mon May 8 23:08:58 2023,90.3023
Mon May 8 23:38:58 2023,90.68
Tue May 9 00:08:58 2023,91.9679
Tue May 9 00:38:58 2023,92.9498
Tue May 9 01:08:58 2023,93.4731
Tue May 9 01:38:58 2023,94.1147
Tue May 9 02:08:58 2023,94.5606
Tue May 9 02:38:58 2023,94.9396
Tue May 9 03:08:58 2023,95.2793
Tue May 9 03:38:58 2023,95.5977
Tue May 9 04:08:58 2023,87.6252
Tue May 9 04:38:58 2023,93.2132
Tue May 9 05:08:58 2023,86.9168
Tue May 9 05:38:58 2023,91.0892
Tue May 9 06:08:58 2023,88.3195
Tue May 9 06:38:58 2023,94.3203
Tue May 9 07:08:58 2023,95.6701
Tue May 9 07:38:58 2023,96.0312
Tue May 9 08:08:58 2023,95.498
Tue May 9 08:38:58 2023,93.2932
Tue May 9 09:08:58 2023,87.6362
Tue May 9 09:38:58 2023,78.5815
Tue May 9 10:08:58 2023,67.3158
Tue May 9 10:38:58 2023,65.0931
Tue May 9 11:08:58 2023,64.9837
Tue May 9 11:38:58 2023,70.4201
Tue May 9 12:08:58 2023,69.2481
Tue May 9 12:38:58 2023,66.1005
Tue May 9 13:08:58 2023,67.5447
Tue May 9 13:38:58 2023,66.4112
Tue May 9 14:08:58 2023,65.4409
Tue May 9 14:38:58 2023,69.8769
Tue May 9 15:08:58 2023,73.5357
Tue May 9 15:38:58 2023,71.5504
Tue May 9 16:08:58 2023,76.9974
Tue May 9 16:38:58 2023,67.1929
Tue May 9 17:08:58 2023,67.2615
Tue May 9 17:38:58 2023,67.1386
Tue May 9 18:08:58 2023,72.9331
Tue May 9 18:38:58 2023,71.7161
Tue May 9 19:08:58 2023,64.5597
Tue May 9 19:38:58 2023,59.766
Tue May 9 20:08:58 2023,61.933
Tue May 9 20:38:58 2023,61.4126
Tue May 9 21:08:58 2023,65.0141
Tue May 9 21:38:58 2023,69.6276
Tue May 9 22:08:58 2023,75.389
Tue May 9 22:38:58 2023,81.0572
Tue May 9 23:08:58 2023,84.224
Tue May 9 23:38:58 2023,86.469
Wed May 10 00:08:58 2023,88.2982
Wed May 10 00:38:58 2023,89.5943
Wed May 10 01:08:58 2023,90.4268
Wed May 10 01:38:58 2023,91.4651
Wed May 10 02:08:58 2023,92.4391
Wed May 10 02:38:58 2023,85.1113
Wed May 10 03:08:58 2023,88.0254
Wed May 10 03:38:58 2023,86.053
Wed May 10 04:08:58 2023,83.8264
Wed May 10 04:38:58 2023,84.0776
Wed May 10 05:08:58 2023,83.3706
Wed May 10 05:38:58 2023,81.5223
Wed May 10 06:08:58 2023,79.8635
Wed May 10 06:38:58 2023,78.9296
Wed May 10 07:08:58 2023,82.0497
Wed May 10 07:38:58 2023,79.839
Wed May 10 08:08:58 2023,72.5947
Wed May 10 08:38:58 2023,58.7253
Wed May 10 09:08:58 2023,50.2168
Wed May 10 09:38:58 2023,50.5251
Wed May 10 10:08:58 2023,60.8109
Wed May 10 10:38:58 2023,56.356
Wed May 10 11:08:58 2023,54.736
Wed May 10 11:38:58 2023,56.286
Wed May 10 12:08:58 2023,54.3683
Wed May 10 12:38:58 2023,54.7723
Wed May 10 13:08:58 2023,53.8503
Wed May 10 13:38:58 2023,53.3198
Wed May 10 14:08:58 2023,53.7347
Wed May 10 14:38:58 2023,54.1397
Wed May 10 15:08:58 2023,56.3253
Wed May 10 15:38:58 2023,54.2452
Wed May 10 16:08:58 2023,54.073
Wed May 10 16:38:58 2023,54.7441
Wed May 10 17:08:58 2023,48.124
Wed May 10 17:38:58 2023,47.8081
Wed May 10 18:08:58 2023,42.6178
Wed May 10 18:38:58 2023,45.8624
Wed May 10 19:08:58 2023,45.6845
Wed May 10 19:38:58 2023,48.8214
Wed May 10 20:08:58 2023,52.9332
Wed May 10 20:38:58 2023,56.9245
Wed May 10 21:08:58 2023,61.2935
Wed May 10 21:38:58 2023,63.937
Wed May 10 22:08:58 2023,66.2879
Wed May 10 22:38:58 2023,69.3388
Wed May 10 23:08:58 2023,71.5138
Wed May 10 23:38:58 2023,73.3366
Thu May 11 00:08:58 2023,74.7555
Thu May 11 00:38:58 2023,76.3218
Thu May 11 01:08:58 2023,78.1091
Thu May 11 01:38:58 2023,79.5779
Thu May 11 02:08:58 2023,80.5511
Thu May 11 02:38:58 2023,81.4894
Thu May 11 03:08:58 2023,82.1441
Thu May 11 03:38:58 2023,82.6811
Thu May 11 04:08:58 2023,82.9747
Thu May 11 04:38:58 2023,83.0684
Thu May 11 05:08:58 2023,79.7134
Thu May 11 05:38:58 2023,81.2496
Thu May 11 06:08:58 2023,79.3803
Thu May 11 06:38:58 2023,83.1578
Thu May 11 07:08:58 2023,83.9918
Thu May 11 07:38:58 2023,82.8607
Thu May 11 08:08:58 2023,79.308
Thu May 11 08:38:58 2023,71.6567
Thu May 11 09:08:58 2023,69.3118
Thu May 11 09:38:58 2023,60.4617
Thu May 11 10:08:58 2023,52.568
Thu May 11 10:38:58 2023,55.5116
Thu May 11 11:08:58 2023,62.3598
Thu May 11 11:38:58 2023,55.6967
Thu May 11 12:08:58 2023,52.177
Thu May 11 12:38:58 2023,53.3349
Thu May 11 13:08:58 2023,58.6531
Thu May 11 13:38:58 2023,58.9841
Thu May 11 14:08:58 2023,53.9152
Thu May 11 14:38:58 2023,56.5511
Thu May 11 15:08:58 2023,57.406
Thu May 11 15:38:58 2023,59.37
Thu May 11 16:08:58 2023,57.354
Thu May 11 16:38:58 2023,58.4182
Thu May 11 17:08:58 2023,59.3842
Thu May 11 17:38:58 2023,60.5223
Thu May 11 18:08:58 2023,56.0201
Thu May 11 18:38:58 2023,54.0199
Thu May 11 19:08:58 2023,54.6674
Thu May 11 19:38:58 2023,56.9377
Thu May 11 20:08:58 2023,61.4707
Thu May 11 20:38:58 2023,66.1788
Thu May 11 21:08:58 2023,69.8207
Thu May 11 21:38:58 2023,72.8281
Thu May 11 22:08:58 2023,75.4199
Thu May 11 22:38:58 2023,77.2826
Thu May 11 23:08:58 2023,78.6102
Thu May 11 23:38:58 2023,79.7568
Fri May 12 00:08:58 2023,80.7081
Fri May 12 00:38:58 2023,81.392
Fri May 12 01:08:58 2023,74.2631
Fri May 12 01:38:58 2023,78.2023
Fri May 12 02:08:58 2023,78.8557
Fri May 12 02:38:58 2023,73.492
Fri May 12 03:08:58 2023,77.6556
Fri May 12 03:38:58 2023,72.2586
Fri May 12 04:08:58 2023,79.8108
Fri May 12 04:38:58 2023,75.1804
Fri May 12 05:08:58 2023,80.8216
Fri May 12 05:38:58 2023,76.9149
Fri May 12 06:08:58 2023,78.7751
Fri May 12 06:38:58 2023,84.0375
Fri May 12 07:08:58 2023,84.1171
Fri May 12 07:38:58 2023,80.8198
Fri May 12 08:08:58 2023,78.5793
Fri May 12 08:38:58 2023,80.361
Fri May 12 09:08:58 2023,88.2946
Fri May 12 09:38:58 2023,89.0048
Fri May 12 10:08:58 2023,86.3035
Fri May 12 10:38:58 2023,79.2925
Fri May 12 11:08:58 2023,88.5138
Fri May 12 11:38:58 2023,94.0055
Fri May 12 12:08:58 2023,91.2327
Fri May 12 12:38:58 2023,83.1689
Fri May 12 13:08:58 2023,70.1965
Fri May 12 13:38:58 2023,68.9113
Fri May 12 14:08:58 2023,74.8609
Fri May 12 14:38:58 2023,69.7836
Fri May 12 15:08:58 2023,70.4225
Fri May 12 15:38:58 2023,69.0423
Fri May 12 16:08:58 2023,64.4333
Fri May 12 16:38:58 2023,65.6254
Fri May 12 17:08:58 2023,68.1965
Fri May 12 17:38:58 2023,73.1789
Fri May 12 18:08:58 2023,77.5303
Fri May 12 18:38:58 2023,79.0185
Fri May 12 19:08:58 2023,81.0677
Fri May 12 19:38:58 2023,85.1443
Fri May 12 20:08:58 2023,88.2221
Fri May 12 20:38:58 2023,92.5832
Fri May 12 21:08:58 2023,95.188
Fri May 12 21:38:58 2023,96.5699
Fri May 12 22:08:58 2023,97.0604
Fri May 12 22:38:58 2023,97.4158
Fri May 12 23:08:58 2023,97.9787
Fri May 12 23:38:58 2023,92.6255
Sat May 13 00:08:58 2023,94.5593
Sat May 13 00:38:58 2023,90.4026
Sat May 13 01:08:58 2023,89.4974
Sat May 13 01:38:58 2023,91.0676
Sat May 13 02:08:58 2023,88.2316
Sat May 13 02:38:58 2023,86.5018
Sat May 13 03:08:58 2023,85.5079
Sat May 13 03:38:58 2023,84.6271
Sat May 13 04:08:58 2023,83.5551
Sat May 13 04:38:58 2023,84.3392
Sat May 13 05:08:58 2023,83.9894
Sat May 13 05:38:58 2023,80.1646
Sat May 13 06:08:58 2023,83.4622
Sat May 13 06:38:58 2023,85.499
Sat May 13 07:08:58 2023,90.7406
Sat May 13 07:38:58 2023,91.3468
Sat May 13 08:08:58 2023,89.9867
Sat May 13 08:38:58 2023,87.6292
Sat May 13 09:08:58 2023,82.6686
Sat May 13 09:38:58 2023,78.9766
Sat May 13 10:08:58 2023,76.1163
Sat May 13 10:38:58 2023,75.1683
Sat May 13 11:08:58 2023,72.3758
Sat May 13 11:38:58 2023,68.4935
Sat May 13 12:08:58 2023,66.3604
Sat May 13 12:38:58 2023,63.7423
Sat May 13 13:08:58 2023,61.0551
Sat May 13 13:38:58 2023,59.4831
Sat May 13 14:08:58 2023,59.9935
Sat May 13 14:38:58 2023,59.8258
Sat May 13 15:08:58 2023,59.812
Sat May 13 15:38:58 2023,59.0126
Sat May 13 16:08:58 2023,60.3229
Sat May 13 16:38:58 2023,60.4704
Sat May 13 17:08:58 2023,60.9972
Sat May 13 17:38:58 2023,61.9318
Sat May 13 18:08:58 2023,64.6819
Sat May 13 18:38:58 2023,60.276
Sat May 13 19:08:58 2023,55.8443
Sat May 13 19:38:58 2023,59.5778
Sat May 13 20:08:58 2023,63.3362
Sat May 13 20:38:58 2023,66.3492
Sat May 13 21:08:58 2023,70.5734
Sat May 13 21:38:58 2023,76.8959
Sat May 13 22:08:58 2023,79.798
Sat May 13 22:38:58 2023,81.554
Sat May 13 23:08:58 2023,85.3793
Sat May 13 23:38:58 2023,88.2253
Sun May 14 00:08:58 2023,89.7357
Sun May 14 00:38:58 2023,90.9906
Sun May 14 01:08:58 2023,91.7995
Sun May 14 01:38:58 2023,92.4145
Sun May 14 02:08:58 2023,92.8336
Sun May 14 02:38:58 2023,93.2238
Sun May 14 03:08:58 2023,93.4716
Sun May 14 03:38:58 2023,93.6984
Sun May 14 04:08:58 2023,93.8419
Sun May 14 04:38:58 2023,93.8372
Sun May 14 05:08:58 2023,86.3009
Sun May 14 05:38:58 2023,91.4857
Sun May 14 06:08:58 2023,85.8949
Sun May 14 06:38:58 2023,90.9418
Sun May 14 07:08:58 2023,90.5205
Sun May 14 07:38:58 2023,86.9978
Sun May 14 08:08:58 2023,80.0826
Sun May 14 08:38:58 2023,76.5816
Sun May 14 09:08:58 2023,70.1595
Sun May 14 09:38:58 2023,66.8529
Sun May 14 10:08:58 2023,64.8694
Sun May 14 10:38:58 2023,65.3356
Sun May 14 11:08:58 2023,61.5949
Sun May 14 11:38:58 2023,59.1456
Sun May 14 12:08:58 2023,58.7003
Sun May 14 12:38:58 2023,57.4908
Sun May 14 13:08:58 2023,56.3052
Sun May 14 13:38:58 2023,59.3639
Sun May 14 14:08:58 2023,60.4182
Sun May 14 14:38:58 2023,60.0639
Sun May 14 15:08:58 2023,61.4669
Sun May 14 15:38:58 2023,61.714
Sun May 14 16:08:58 2023,61.0672
Sun May 14 16:38:58 2023,62.6828
Sun May 14 17:08:58 2023,62.5082
Sun May 14 17:38:58 2023,62.5793
Sun May 14 18:08:58 2023,68.0773
Sun May 14 18:38:58 2023,68.5397
Sun May 14 19:08:58 2023,71.4468
Sun May 14 19:38:58 2023,76.1711
Sun May 14 20:08:58 2023,74.5465
Sun May 14 20:38:58 2023,81.7407
Sun May 14 21:08:58 2023,78.2762
Sun May 14 21:38:58 2023,80.1941
Sun May 14 22:08:58 2023,81.0821
Sun May 14 22:38:58 2023,83.822
Sun May 14 23:08:58 2023,86.9781
Sun May 14 23:38:58 2023,88.9642
Mon May 15 00:08:58 2023,89.9848
Mon May 15 00:38:58 2023,90.3853
Mon May 15 01:08:58 2023,90.6731
Mon May 15 01:38:58 2023,91.1169
Mon May 15 02:08:58 2023,91.6686
Mon May 15 02:38:58 2023,91.9987
Mon May 15 03:08:58 2023,92.0391
Mon May 15 03:38:58 2023,92.3886
Mon May 15 04:08:58 2023,92.5567
Mon May 15 04:38:58 2023,92.8301
Mon May 15 05:08:58 2023,93.0311
Mon May 15 05:38:58 2023,93.1381
Mon May 15 06:08:58 2023,93.3635
Mon May 15 06:38:58 2023,93.4474
Mon May 15 07:08:58 2023,91.5858
Mon May 15 07:38:58 2023,87.2514
Mon May 15 08:08:58 2023,80.7085
Mon May 15 08:38:58 2023,71.9529
Mon May 15 09:08:58 2023,63.9241
Mon May 15 09:38:58 2023,67.3374
Mon May 15 10:08:58 2023,69.2867
Mon May 15 10:38:58 2023,69.5226
Mon May 15 11:08:58 2023,67.5815
Mon May 15 11:38:58 2023,67.4069
Mon May 15 12:08:58 2023,65.9894
Mon May 15 12:38:58 2023,65.3004
Mon May 15 13:08:58 2023,66.7439
Mon May 15 13:38:58 2023,66.4266
Mon May 15 14:08:58 2023,66.3713
Mon May 15 14:38:58 2023,66.7005
Mon May 15 15:08:58 2023,63.1283
Mon May 15 15:38:58 2023,64.1447
Mon May 15 16:08:58 2023,62.2449
Mon May 15 16:38:58 2023,63.8851
Mon May 15 17:08:58 2023,63.1422
Mon May 15 17:38:58 2023,66.5911
Mon May 15 18:08:58 2023,65.7605
Mon May 15 18:38:58 2023,61.3453
Mon May 15 19:08:58 2023,65.5399
Mon May 15 19:38:58 2023,67.0182
Mon May 15 20:08:58 2023,69.0537
Mon May 15 20:38:58 2023,69.7292
Mon May 15 21:08:58 2023,72.8916
Mon May 15 21:38:58 2023,76.5663
Mon May 15 22:08:58 2023,82.1103
Mon May 15 22:38:58 2023,85.3284
Mon May 15 23:08:58 2023,88.2012
Mon May 15 23:38:58 2023,90.1698
Tue May 16 00:08:58 2023,90.3734
Tue May 16 00:38:58 2023,91.3783
Tue May 16 01:08:58 2023,92.1419
Tue May 16 01:38:58 2023,92.4569
Tue May 16 02:08:58 2023,92.8354
Tue May 16 02:38:58 2023,93.1251
Tue May 16 03:08:58 2023,93.8069
Tue May 16 03:38:58 2023,94.2354
Tue May 16 04:08:58 2023,94.7192
Tue May 16 04:38:58 2023,95.3354
Tue May 16 05:08:58 2023,96.1316
Tue May 16 05:38:58 2023,96.9308
Tue May 16 06:08:58 2023,97.2886
Tue May 16 06:38:58 2023,96.8623
Tue May 16 07:08:58 2023,95.3998
Tue May 16 07:38:58 2023,95.9762
Tue May 16 08:08:58 2023,93.197
Tue May 16 08:38:58 2023,84.3616
Tue May 16 09:08:58 2023,70.6648
Tue May 16 09:38:58 2023,74.4714
Tue May 16 10:08:58 2023,79.3723
Tue May 16 10:38:58 2023,76.0967
Tue May 16 11:08:58 2023,80.2411
Tue May 16 11:38:58 2023,68.2907
Tue May 16 12:08:58 2023,68.4313
Tue May 16 12:38:58 2023,66.7617
Tue May 16 13:08:58 2023,68.9097
Tue May 16 13:38:58 2023,66.4843
Tue May 16 14:08:58 2023,64.0569
Tue May 16 14:38:58 2023,64.1689
Tue May 16 15:08:58 2023,64.8625
Tue May 16 15:38:58 2023,62.596
Tue May 16 16:08:58 2023,62.1663
Tue May 16 16:38:58 2023,67.0373
Tue May 16 17:08:58 2023,83.4554
Tue May 16 17:38:58 2023,92.1952
Tue May 16 18:08:58 2023,93.8736
Tue May 16 18:38:58 2023,96.0482
Tue May 16 19:08:58 2023,97.1
Tue May 16 19:38:58 2023,97.6073
Tue May 16 20:08:58 2023,98.0246
Tue May 16 20:38:58 2023,99.1564
Tue May 16 21:08:58 2023,99.9224
Tue May 16 21:38:58 2023,100.113
Tue May 16 22:08:58 2023,100.456
Tue May 16 22:38:58 2023,101.161
Tue May 16 23:08:58 2023,95.7167
Tue May 16 23:38:58 2023,100.106
Wed May 17 00:08:58 2023,94.4407
Wed May 17 00:38:58 2023,95.263
Wed May 17 01:08:58 2023,97.8574
Wed May 17 01:38:58 2023,92.9121
Wed May 17 02:08:58 2023,92.8524
Wed May 17 02:38:58 2023,98.3929
Wed May 17 03:08:58 2023,92.9731
Wed May 17 03:38:58 2023,92.4193
Wed May 17 04:08:58 2023,92.5205
Wed May 17 04:38:58 2023,91.4452
Wed May 17 05:08:58 2023,90.9515
Wed May 17 05:38:58 2023,91.3972
Wed May 17 06:08:58 2023,91.2004
Wed May 17 06:38:58 2023,89.8984
Wed May 17 07:08:58 2023,96.9092
Wed May 17 07:38:58 2023,92.4729
Wed May 17 08:08:58 2023,88.6491
Wed May 17 08:38:58 2023,88.3567
Wed May 17 09:08:58 2023,80.751
Wed May 17 09:38:58 2023,68.6444
Wed May 17 10:08:58 2023,71.3743
Wed May 17 10:38:58 2023,73.2343
Wed May 17 11:08:58 2023,69.6406
Wed May 17 11:38:58 2023,72.304
Wed May 17 12:08:58 2023,72.3056
Wed May 17 12:38:58 2023,69.4241
Wed May 17 13:08:58 2023,70.9753
Wed May 17 13:38:58 2023,82.0718
Wed May 17 14:08:58 2023,79.5053
Wed May 17 14:38:58 2023,63.2281
Wed May 17 15:08:58 2023,59.305
Wed May 17 15:38:58 2023,69.5475
Wed May 17 16:08:58 2023,71.6254
Wed May 17 16:38:58 2023,74.367
Wed May 17 17:08:58 2023,73.5449
Wed May 17 17:38:58 2023,71.7411
Wed May 17 18:08:58 2023,70.6221
Wed May 17 18:38:58 2023,69.8188
Wed May 17 19:08:58 2023,71.5298
Wed May 17 19:38:58 2023,75.1865
Wed May 17 20:08:58 2023,79.3737
Wed May 17 20:38:58 2023,84.3173
Wed May 17 21:08:58 2023,88.5681
Wed May 17 21:38:58 2023,91.3396
Wed May 17 22:08:58 2023,92.8898
Wed May 17 22:38:58 2023,93.9129
Wed May 17 23:08:58 2023,94.7174
Wed May 17 23:38:58 2023,89.7833
Thu May 18 00:08:58 2023,91.6685
Thu May 18 00:38:58 2023,87.4645
Thu May 18 01:08:58 2023,90.0324
Thu May 18 01:38:58 2023,87.4482
Thu May 18 02:08:58 2023,85.4921
Thu May 18 02:38:58 2023,86.0091
Thu May 18 03:08:58 2023,85.7507
Thu May 18 03:38:58 2023,86.9239
Thu May 18 04:08:58 2023,87.2287
Thu May 18 04:38:58 2023,86.1967
Thu May 18 05:08:58 2023,87.2564
Thu May 18 05:38:58 2023,87.0546
Thu May 18 06:08:58 2023,87.708
Thu May 18 06:38:58 2023,88.9472
Thu May 18 07:08:58 2023,92.8272
Thu May 18 07:38:58 2023,92.8414
Thu May 18 08:08:58 2023,90.0712
Thu May 18 08:38:58 2023,90.8634
Thu May 18 09:08:58 2023,93.5952
Thu May 18 09:38:58 2023,95.7565
Thu May 18 10:08:58 2023,94.0751
Thu May 18 10:38:58 2023,93.7681
Thu May 18 11:08:58 2023,91.4872
Thu May 18 11:38:58 2023,92.4188
Thu May 18 12:08:58 2023,88.3036
Thu May 18 12:38:58 2023,69.2249
Thu May 18 13:08:58 2023,67.3171
Thu May 18 13:38:58 2023,63.0496
Thu May 18 14:08:58 2023,59.5392
Thu May 18 14:38:58 2023,61.5784
Thu May 18 15:08:58 2023,68.6983
Thu May 18 15:38:58 2023,70.5838
Thu May 18 16:08:58 2023,72.3025
Thu May 18 16:38:58 2023,81.9286
Thu May 18 17:08:58 2023,89.1945
Thu May 18 17:38:58 2023,91.6432
Thu May 18 18:08:58 2023,87.6544
Thu May 18 18:38:58 2023,88.1775
Thu May 18 19:08:58 2023,83.8651
Thu May 18 19:38:58 2023,81.9048
Thu May 18 20:08:58 2023,76.4831
Thu May 18 20:38:58 2023,72.8181
Thu May 18 21:08:58 2023,73.5932
Thu May 18 21:38:58 2023,72.3572
Thu May 18 22:08:58 2023,74.0817
Thu May 18 22:38:58 2023,69.783
Thu May 18 23:08:58 2023,70.478
Thu May 18 23:38:58 2023,69.8847
Fri May 19 00:08:58 2023,69.3474
Fri May 19 00:38:58 2023,70.12
Fri May 19 01:08:58 2023,68.7231
Fri May 19 01:38:58 2023,67.4309
Fri May 19 02:08:58 2023,66.2191
Fri May 19 02:38:58 2023,67.07
Fri May 19 03:08:58 2023,66.5961
Fri May 19 03:38:58 2023,64.8551
Fri May 19 04:08:58 2023,65.5388
Fri May 19 04:38:58 2023,66.0712
Fri May 19 05:08:58 2023,67.0061
Fri May 19 05:38:58 2023,64.4102
Fri May 19 06:08:58 2023,65.8879
Fri May 19 06:38:58 2023,65.2121
Fri May 19 07:08:58 2023,69.4035
Fri May 19 07:38:58 2023,71.7218
Fri May 19 08:08:58 2023,75.8206
Fri May 19 08:38:58 2023,71.0881
Fri May 19 09:08:58 2023,66.0124
Fri May 19 09:38:58 2023,70.116
Fri May 19 10:08:58 2023,72.432
Fri May 19 10:38:58 2023,67.2203
Fri May 19 11:08:58 2023,61.1039
Fri May 19 11:38:58 2023,61.5735
Fri May 19 12:08:58 2023,53.0817
Fri May 19 12:38:58 2023,49.9029
Fri May 19 13:08:58 2023,52.5561
Fri May 19 13:38:58 2023,55.3262
Fri May 19 14:08:58 2023,53.0851
Fri May 19 14:38:58 2023,61.5481
Fri May 19 15:08:58 2023,55.4793
Fri May 19 15:38:58 2023,50.2331
Fri May 19 16:08:58 2023,51.5199
Fri May 19 16:38:58 2023,58.926
Fri May 19 17:08:58 2023,58.0375
Fri May 19 17:38:58 2023,56.5515
Fri May 19 18:08:58 2023,57.753
Fri May 19 18:38:58 2023,54.2473
Fri May 19 19:08:58 2023,58.5292
Fri May 19 19:38:58 2023,61.1251
Fri May 19 20:08:58 2023,66.7675
Fri May 19 20:38:58 2023,73.894
Fri May 19 21:08:58 2023,78.9762
Fri May 19 21:38:58 2023,77.4492
Fri May 19 22:08:58 2023,78.42
Fri May 19 22:38:58 2023,78.6289
Fri May 19 23:08:58 2023,80.1583
Fri May 19 23:38:58 2023,78.7921
Sat May 20 00:08:58 2023,82.3538
Sat May 20 00:38:58 2023,77.9848
Sat May 20 01:08:58 2023,79.1554
Sat May 20 01:38:58 2023,82.7804
Sat May 20 02:08:58 2023,79.1238
Sat May 20 02:38:58 2023,78.6801
Sat May 20 03:08:58 2023,78.7264
Sat May 20 03:38:58 2023,78.4087
Sat May 20 04:08:58 2023,78.6776
Sat May 20 04:38:58 2023,79.0466
Sat May 20 05:08:58 2023,79.8725
Sat May 20 05:38:58 2023,77.6193
Sat May 20 06:08:58 2023,81.252
Sat May 20 06:38:58 2023,80.4779
Sat May 20 07:08:58 2023,82.8592
Sat May 20 07:38:58 2023,86.6433
Sat May 20 08:08:58 2023,84.7512
Sat May 20 08:38:58 2023,86.1396
Sat May 20 09:08:58 2023,86.2876
Sat May 20 09:38:58 2023,86.0809
Sat May 20 10:08:58 2023,81.2274
Sat May 20 10:38:58 2023,73.5568
Sat May 20 11:08:58 2023,68.5791
Sat May 20 11:38:58 2023,74.846
Sat May 20 12:08:58 2023,78.0754
Sat May 20 12:38:58 2023,69.7998
Sat May 20 13:08:58 2023,74.1387
Sat May 20 13:38:58 2023,62.6254
Sat May 20 14:08:58 2023,67.2101
Sat May 20 14:38:58 2023,68.3554
Sat May 20 15:08:58 2023,69.6643
Sat May 20 15:38:58 2023,74.3479
Sat May 20 16:08:58 2023,67.7103
Sat May 20 16:38:58 2023,67.8148
Sat May 20 17:08:58 2023,74.5078
Sat May 20 17:38:58 2023,76.13
Sat May 20 18:08:58 2023,68.1387
Sat May 20 18:38:58 2023,66.3597
Sat May 20 19:08:58 2023,67.4648
Sat May 20 19:38:58 2023,73.1751
Sat May 20 20:08:58 2023,77.4929
Sat May 20 20:38:58 2023,81.1566
Sat May 20 21:08:58 2023,84.217
Sat May 20 21:38:58 2023,87.4097
Sat May 20 22:08:58 2023,89.8358
Sat May 20 22:38:58 2023,90.6623
Sat May 20 23:08:58 2023,93.834
Sat May 20 23:38:58 2023,97.0963
Sun May 21 00:08:58 2023,92.0014
Sun May 21 00:38:58 2023,96.9798
Sun May 21 01:08:58 2023,92.4169
Sun May 21 01:38:58 2023,91.7117
Sun May 21 02:08:58 2023,87.3604
Sun May 21 02:38:58 2023,85.7899
Sun May 21 03:08:58 2023,83.9559
Sun May 21 03:38:58 2023,82.7664
Sun May 21 04:08:58 2023,83.5293
Sun May 21 04:38:58 2023,84.8251
Sun May 21 05:08:58 2023,84.9828
Sun May 21 05:38:58 2023,79.7887
Sun May 21 06:08:58 2023,81.6114
Sun May 21 06:38:58 2023,81.8902
Sun May 21 07:08:58 2023,82.4811
Sun May 21 07:38:58 2023,86.5228
Sun May 21 08:08:58 2023,80.2697
Sun May 21 08:38:58 2023,74.6858
Sun May 21 09:08:58 2023,70.8579
Sun May 21 09:38:58 2023,68.9278
Sun May 21 10:08:58 2023,58.9166
Sun May 21 10:38:58 2023,61.9015
Sun May 21 11:08:58 2023,64.5633
Sun May 21 11:38:58 2023,63.3498
Sun May 21 12:08:58 2023,59.4453
Sun May 21 12:38:58 2023,60.1569
Sun May 21 13:08:58 2023,67.8273
Sun May 21 13:38:58 2023,68.2449
Sun May 21 14:08:58 2023,66.0343
Sun May 21 14:38:58 2023,65.538
Sun May 21 15:08:58 2023,63.6007
Sun May 21 15:38:58 2023,66.7198
Sun May 21 16:08:58 2023,66.021
Sun May 21 16:38:58 2023,64.6426
Sun May 21 17:08:58 2023,59.086
Sun May 21 17:38:58 2023,64.0277
Sun May 21 18:08:58 2023,58.6909
Sun May 21 18:38:58 2023,60.7636
Sun May 21 19:08:58 2023,65.1861
Sun May 21 19:38:58 2023,68.0616
Sun May 21 20:08:58 2023,72.105
Sun May 21 20:38:58 2023,79.0827
Sun May 21 21:08:58 2023,83.8594
Sun May 21 21:38:58 2023,86.8886
Sun May 21 22:08:58 2023,89.1036
Sun May 21 22:38:58 2023,90.764
Sun May 21 23:08:58 2023,91.7034
Sun May 21 23:38:58 2023,92.3219
Mon May 22 00:08:58 2023,93.0183
Mon May 22 00:38:58 2023,93.1383
Mon May 22 01:08:58 2023,86.2572
Mon May 22 01:38:58 2023,91.3872
Mon May 22 02:08:58 2023,85.3354
Mon May 22 02:38:58 2023,91.7871
Mon May 22 03:08:58 2023,85.7467
Mon May 22 03:38:58 2023,92.071
Mon May 22 04:08:58 2023,87.3102
Mon May 22 04:38:58 2023,90.2527
Mon May 22 05:08:58 2023,85.9367
Mon May 22 05:38:58 2023,89.781
Mon May 22 06:08:58 2023,86.6371
Mon May 22 06:38:58 2023,87.5247
Mon May 22 07:08:58 2023,88.7072
Mon May 22 07:38:58 2023,86.8491
Mon May 22 08:08:58 2023,81.4651
Mon May 22 08:38:58 2023,75.0037
Mon May 22 09:08:58 2023,66.4119
Mon May 22 09:38:58 2023,62.6046
Mon May 22 10:08:58 2023,59.5974
Mon May 22 10:38:58 2023,59.8989
Mon May 22 11:08:58 2023,62.5222
Mon May 22 11:38:58 2023,59.6921
Mon May 22 12:08:58 2023,55.9005
Mon May 22 12:38:58 2023,54.9203
Mon May 22 13:08:58 2023,56.2844
Mon May 22 13:38:58 2023,56.6168
Mon May 22 14:08:58 2023,59.7798
Mon May 22 14:38:58 2023,64.9855
Mon May 22 15:08:58 2023,61.4764
Mon May 22 15:38:58 2023,58.0477
Mon May 22 16:08:58 2023,61.9621
Mon May 22 16:38:58 2023,73.6793
Mon May 22 17:08:58 2023,81.2337
Mon May 22 17:38:58 2023,85.2013
Mon May 22 18:08:58 2023,82.2362
Mon May 22 18:38:58 2023,80.5466
Mon May 22 19:08:58 2023,76.2733
Mon May 22 19:38:58 2023,80.5534
Mon May 22 20:08:58 2023,79.298
Mon May 22 20:38:58 2023,80.9609
Mon May 22 21:08:58 2023,79.5412
Mon May 22 21:38:58 2023,79.0654
Mon May 22 22:08:58 2023,77.7162
Mon May 22 22:38:58 2023,78.278
Mon May 22 23:08:58 2023,76.4859
Mon May 22 23:38:58 2023,77.3467
Tue May 23 00:08:58 2023,79.3194
Tue May 23 00:38:58 2023,75.1969
Tue May 23 01:08:58 2023,74.2972
Tue May 23 01:38:58 2023,77.5467
Tue May 23 02:08:58 2023,74.8141
Tue May 23 02:38:58 2023,77.3265
Tue May 23 03:08:58 2023,75.409
Tue May 23 03:38:58 2023,78.1213
Tue May 23 04:08:58 2023,74.5958
Tue May 23 04:38:58 2023,75.6726
Tue May 23 05:08:58 2023,75.1771
Tue May 23 05:38:58 2023,74.3817
Tue May 23 06:08:58 2023,74.5405
Tue May 23 06:38:58 2023,74.8528
Tue May 23 07:08:58 2023,73.9545
Tue May 23 07:38:58 2023,75.2142
Tue May 23 08:08:58 2023,76.7985
Tue May 23 08:38:58 2023,76.5711
Tue May 23 09:08:58 2023,75.4662
Tue May 23 09:38:58 2023,75.7158
Tue May 23 10:08:58 2023,72.7606
Tue May 23 10:38:58 2023,66.4332
Tue May 23 11:08:58 2023,58.5739
Tue May 23 11:38:58 2023,54.4258
Tue May 23 12:08:58 2023,54.4021
Tue May 23 12:38:58 2023,52.0004
Tue May 23 13:08:58 2023,52.7583
Tue May 23 13:38:58 2023,52.564
Tue May 23 14:08:58 2023,50.7095
Tue May 23 14:38:58 2023,49.7806
Tue May 23 15:08:58 2023,46.9286
Tue May 23 15:38:58 2023,43.5688
Tue May 23 16:08:58 2023,40.7975
Tue May 23 16:38:58 2023,39.4239
Tue May 23 17:08:58 2023,39.3189
Tue May 23 17:38:58 2023,39.9723
Tue May 23 18:08:58 2023,41.5975
Tue May 23 18:38:58 2023,43.0311
Tue May 23 19:08:58 2023,45.094
Tue May 23 19:38:58 2023,49.4269
Tue May 23 20:08:58 2023,56.6375
Tue May 23 20:38:58 2023,60.9871
Tue May 23 21:08:58 2023,63.7184
Tue May 23 21:38:58 2023,65.2721
Tue May 23 22:08:58 2023,64.9012
Tue May 23 22:38:58 2023,63.0379
Tue May 23 23:08:58 2023,65.478
Tue May 23 23:38:58 2023,63.4634
Wed May 24 00:08:58 2023,64.0742
Wed May 24 00:38:58 2023,62.9717
Wed May 24 01:08:58 2023,62.6813
Wed May 24 01:38:58 2023,62.7104
Wed May 24 02:08:58 2023,61.9468
Wed May 24 02:38:58 2023,61.8394
Wed May 24 03:08:58 2023,61.5629
Wed May 24 03:38:58 2023,60.764
Wed May 24 04:08:58 2023,60.1173
Wed May 24 04:38:58 2023,59.0643
Wed May 24 05:08:58 2023,56.7357
Wed May 24 05:38:58 2023,57.7663
Wed May 24 06:08:58 2023,56.9301
Wed May 24 06:38:58 2023,57.3137
Wed May 24 07:08:58 2023,58.8428
Wed May 24 07:38:58 2023,60.2527
Wed May 24 08:08:58 2023,53.9237
Wed May 24 08:38:58 2023,51.5477
Wed May 24 09:08:58 2023,47.6995
Wed May 24 09:38:58 2023,40.3045
Wed May 24 10:08:58 2023,38.5532
Wed May 24 10:38:58 2023,47.1122
Wed May 24 11:08:58 2023,48.4971
Wed May 24 11:38:58 2023,48.65
Wed May 24 12:08:58 2023,48.0998
Wed May 24 12:38:58 2023,47.6449
Wed May 24 13:08:58 2023,44.1757
Wed May 24 13:38:58 2023,45.5291
Wed May 24 14:08:58 2023,46.9194
Wed May 24 14:38:58 2023,42.9452
Wed May 24 15:08:58 2023,42.171
Wed May 24 15:38:58 2023,44.0937
Wed May 24 16:08:58 2023,48.1747
Wed May 24 16:38:58 2023,52.1575
Wed May 24 17:08:58 2023,52.0532
Wed May 24 17:38:58 2023,49.2217
Wed May 24 18:08:58 2023,48.9008
Wed May 24 18:38:58 2023,51.0793
Wed May 24 19:08:58 2023,42.6752
Wed May 24 19:38:58 2023,46.9998
Wed May 24 20:08:58 2023,50.5134
Wed May 24 20:38:58 2023,53.8555
Wed May 24 21:08:58 2023,57.4563
Wed May 24 21:38:58 2023,61.278
Wed May 24 22:08:58 2023,66.755
Wed May 24 22:38:58 2023,71.3463
Wed May 24 23:08:58 2023,69.1585
Wed May 24 23:38:58 2023,71.4872
Thu May 25 00:08:58 2023,67.4735
Thu May 25 00:38:58 2023,67.4001
Thu May 25 01:08:58 2023,67.3182
Thu May 25 01:38:58 2023,64.4549
Thu May 25 02:08:58 2023,64.725
Thu May 25 02:38:58 2023,64.5435
Thu May 25 03:08:58 2023,62.4631
Thu May 25 03:38:58 2023,62.2411
Thu May 25 04:08:58 2023,62.1333
Thu May 25 04:38:58 2023,61.8969
Thu May 25 05:08:58 2023,60.7146
Thu May 25 05:38:58 2023,60.0918
Thu May 25 06:08:58 2023,59.0477
Thu May 25 06:38:58 2023,59.4494
Thu May 25 07:08:58 2023,61.2199
Thu May 25 07:38:58 2023,63.589
Thu May 25 08:08:58 2023,56.3893
Thu May 25 08:38:58 2023,53.7731
Thu May 25 09:08:58 2023,44.3768
Thu May 25 09:38:58 2023,41.7857
Thu May 25 10:08:58 2023,39.8653
Thu May 25 10:38:58 2023,33.9757
Thu May 25 11:08:58 2023,37.152
Thu May 25 11:38:58 2023,47.2356
Thu May 25 12:08:58 2023,48.2423
Thu May 25 12:38:58 2023,50.4936
Thu May 25 13:08:58 2023,47.2728
Thu May 25 13:38:58 2023,40.6138
Thu May 25 14:08:58 2023,41.5043
Thu May 25 14:38:58 2023,41.4439
Thu May 25 15:08:58 2023,46.6958
Thu May 25 15:38:58 2023,44.2296
Thu May 25 16:08:58 2023,40.8748
Thu May 25 16:38:58 2023,45.7667
Thu May 25 17:08:58 2023,47.4055
Thu May 25 17:38:58 2023,51.1255
Thu May 25 18:08:58 2023,50.7115
Thu May 25 18:38:58 2023,40.8742
Thu May 25 19:08:58 2023,35.7112
Thu May 25 19:38:58 2023,38.2619
Thu May 25 20:08:58 2023,40.9974
Thu May 25 20:38:58 2023,46.1825
Thu May 25 21:08:58 2023,51.4005
Thu May 25 21:38:58 2023,56.3687
Thu May 25 22:08:58 2023,61.0526
Thu May 25 22:38:58 2023,65.5535
Thu May 25 23:08:58 2023,68.2356
Thu May 25 23:38:58 2023,69.185
Fri May 26 00:08:58 2023,66.548
Fri May 26 00:38:58 2023,65.757
Fri May 26 01:08:58 2023,66.6732
Fri May 26 01:38:58 2023,65.5152
Fri May 26 02:08:58 2023,64.2331
Fri May 26 02:38:58 2023,64.0353
Fri May 26 03:08:58 2023,62.0785
Fri May 26 03:38:58 2023,60.6647
Fri May 26 04:08:58 2023,61.3033
Fri May 26 04:38:58 2023,61.4533
Fri May 26 05:08:58 2023,59.6594
Fri May 26 05:38:58 2023,60.5184
Fri May 26 06:08:58 2023,61.7075
Fri May 26 06:38:58 2023,62.7064
Fri May 26 07:08:58 2023,66.1019
Fri May 26 07:38:58 2023,68.0279
Fri May 26 08:08:58 2023,61.7634
Fri May 26 08:38:58 2023,57.1731
Fri May 26 09:08:58 2023,47.8685
Fri May 26 09:38:58 2023,44.4302
Fri May 26 10:08:58 2023,44.52
Fri May 26 10:38:58 2023,50.6036
Fri May 26 11:08:58 2023,54.0807
Fri May 26 11:38:58 2023,44.8486
Fri May 26 12:08:58 2023,47.3747
Fri May 26 12:38:58 2023,50.2011
Fri May 26 13:08:58 2023,49.1296
Fri May 26 13:38:58 2023,47.4809
Fri May 26 14:08:58 2023,51.4281
Fri May 26 14:38:58 2023,51.8846
Fri May 26 15:08:58 2023,51.5294
Fri May 26 15:38:58 2023,54.5366
Fri May 26 16:08:58 2023,50.4594
Fri May 26 16:38:58 2023,48.8133
Fri May 26 17:08:58 2023,46.9896
Fri May 26 17:38:58 2023,51.7263
Fri May 26 18:08:58 2023,50.6021
Fri May 26 18:38:58 2023,50.4941
Fri May 26 19:08:58 2023,45.373
Fri May 26 19:38:58 2023,47.26
Fri May 26 20:08:58 2023,49.3726
Fri May 26 20:38:58 2023,56.1919
Fri May 26 21:08:58 2023,62.3407
Fri May 26 21:38:58 2023,63.7375
Fri May 26 22:08:58 2023,64.5833
Fri May 26 22:38:58 2023,59.4906
Fri May 26 23:08:58 2023,58.4312
Fri May 26 23:38:58 2023,58.5908
Sat May 27 00:08:58 2023,56.6755
Sat May 27 00:38:58 2023,58.0149
Sat May 27 01:08:58 2023,55.0494
Sat May 27 01:38:58 2023,56.1738
Sat May 27 02:08:58 2023,52.9196
Sat May 27 02:38:58 2023,53.0311
Sat May 27 03:08:58 2023,52.5448
Sat May 27 03:38:58 2023,51.2639
Sat May 27 04:08:58 2023,50.0506
Sat May 27 04:38:58 2023,48.5165
Sat May 27 05:08:58 2023,47.3624
Sat May 27 05:38:58 2023,46.7393
Sat May 27 06:08:58 2023,46.468
Sat May 27 06:38:58 2023,45.6331
Sat May 27 07:08:58 2023,49.8819
Sat May 27 07:38:58 2023,53.9938
Sat May 27 08:08:58 2023,47.9665
Sat May 27 08:38:58 2023,43.788
Sat May 27 09:08:58 2023,35.4341
Sat May 27 09:38:58 2023,31.3266
Sat May 27 10:08:58 2023,29.4228
Sat May 27 10:38:58 2023,41.6684
Sat May 27 11:08:58 2023,38.3743
Sat May 27 11:38:58 2023,49.708
Sat May 27 12:08:58 2023,46.3796
Sat May 27 12:38:58 2023,43.6465
Sat May 27 13:08:58 2023,41.522
Sat May 27 13:38:58 2023,42.9721
Sat May 27 14:08:58 2023,43.0578
Sat May 27 14:38:58 2023,40.1529
Sat May 27 15:08:58 2023,41.2603
Sat May 27 15:38:58 2023,44.9657
Sat May 27 16:08:58 2023,42.2561
Sat May 27 16:38:58 2023,42.5004
Sat May 27 17:08:58 2023,39.6981
Sat May 27 17:38:58 2023,41.6571
Sat May 27 18:08:58 2023,33.1292
Sat May 27 18:38:58 2023,32.5863
Sat May 27 19:08:58 2023,34.9702
Sat May 27 19:38:58 2023,38.4811
Sat May 27 20:08:58 2023,43.9036
Sat May 27 20:38:58 2023,50.6432
Sat May 27 21:08:58 2023,53.5724
Sat May 27 21:38:58 2023,55.3892
Sat May 27 22:08:58 2023,55.9024
Sat May 27 22:38:58 2023,56.773
Sat May 27 23:08:58 2023,54.2391
Sat May 27 23:38:58 2023,57.2618
Sun May 28 00:08:58 2023,55.1344
Sun May 28 00:38:58 2023,55.5443
Sun May 28 01:08:58 2023,56.0716
Sun May 28 01:38:58 2023,55.876
Sun May 28 02:08:58 2023,56.2097
Sun May 28 02:38:58 2023,55.6254
Sun May 28 03:08:58 2023,55.0255
Sun May 28 03:38:58 2023,54.9318
Sun May 28 04:08:58 2023,55.3906
Sun May 28 04:38:58 2023,53.4267
Sun May 28 05:08:58 2023,54.9173
Sun May 28 05:38:58 2023,53.9702
Sun May 28 06:08:58 2023,54.9641
Sun May 28 06:38:58 2023,56.1179
Sun May 28 07:08:58 2023,58.5909
Sun May 28 07:38:58 2023,62.2826
Sun May 28 08:08:58 2023,55.7156
Sun May 28 08:38:58 2023,52.7484
Sun May 28 09:08:58 2023,47.525
Sun May 28 09:38:58 2023,44.0997
Sun May 28 10:08:58 2023,52.7858
Sun May 28 10:38:58 2023,51.5066
Sun May 28 11:08:58 2023,54.2638
Sun May 28 11:38:58 2023,43.4563
Sun May 28 12:08:58 2023,44.3037
Sun May 28 12:38:58 2023,51.0673
Sun May 28 13:08:58 2023,49.9963
Sun May 28 13:38:58 2023,48.7036
Sun May 28 14:08:58 2023,48.0825
Sun May 28 14:38:58 2023,52.2319
Sun May 28 15:08:58 2023,54.7059
Sun May 28 15:38:58 2023,53.7668
Sun May 28 16:08:58 2023,52.54
Sun May 28 16:38:58 2023,50.1677
Sun May 28 17:08:58 2023,51.2937
Sun May 28 17:38:58 2023,48.2352
Sun May 28 18:08:58 2023,39.0841
Sun May 28 18:38:58 2023,37.5158
Sun May 28 19:08:58 2023,38.8863
Sun May 28 19:38:58 2023,45.1937
Sun May 28 20:08:58 2023,47.4101
Sun May 28 20:38:58 2023,53.3792
Sun May 28 21:08:58 2023,59.5513
Sun May 28 21:38:58 2023,64.3834
Sun May 28 22:08:58 2023,67.5349
Sun May 28 22:38:58 2023,69.4593
Sun May 28 23:08:58 2023,71.0024
Sun May 28 23:38:58 2023,72.251
Mon May 29 00:08:58 2023,65.9226
Mon May 29 00:38:58 2023,70.982
Mon May 29 01:08:58 2023,66.1515
Mon May 29 01:38:58 2023,69.3438
Mon May 29 02:08:58 2023,66.7531
Mon May 29 02:38:58 2023,65.2736
Mon May 29 03:08:58 2023,65.2212
Mon May 29 03:38:58 2023,64.0121
Mon May 29 04:08:58 2023,63.0104
Mon May 29 04:38:58 2023,63.3495
Mon May 29 05:08:58 2023,63.8031
Mon May 29 05:38:58 2023,63.9706
Mon May 29 06:08:58 2023,60.5303
Mon May 29 06:38:58 2023,63.2676
Mon May 29 07:08:58 2023,66.8794
Mon May 29 07:38:58 2023,68.0782
Mon May 29 08:08:58 2023,57.6868
Mon May 29 08:38:58 2023,53.9022
Mon May 29 09:08:58 2023,45.5986
Mon May 29 09:38:58 2023,47.6484
Mon May 29 10:08:58 2023,47.9772
Mon May 29 10:38:58 2023,46.7257
Mon May 29 11:08:58 2023,47.1307
Mon May 29 11:38:58 2023,48.5231
Mon May 29 12:08:58 2023,44.3969
Mon May 29 12:38:58 2023,43.91
Mon May 29 13:08:58 2023,53.3708
Mon May 29 13:38:58 2023,58.312
Mon May 29 14:08:58 2023,57.2036
Mon May 29 14:38:58 2023,56.4989
Mon May 29 15:08:58 2023,56.5171
Mon May 29 15:38:58 2023,57.2373
Mon May 29 16:08:58 2023,54.5462
Mon May 29 16:38:58 2023,53.2932
Mon May 29 17:08:58 2023,56.0757
Mon May 29 17:38:58 2023,55.1447
Mon May 29 18:08:58 2023,46.2522
Mon May 29 18:38:58 2023,45.0709
Mon May 29 19:08:58 2023,48.7006
Mon May 29 19:38:58 2023,49.7018
Mon May 29 20:08:58 2023,54.4451
Mon May 29 20:38:58 2023,61.9292
Mon May 29 21:08:58 2023,68.3908
Mon May 29 21:38:58 2023,73.065
Mon May 29 22:08:58 2023,70.8088
Mon May 29 22:38:58 2023,70.8718
Mon May 29 23:08:58 2023,69.8092
Mon May 29 23:38:58 2023,70.2658
Tue May 30 00:08:58 2023,70.8464
Tue May 30 00:38:58 2023,67.6461
Tue May 30 01:08:58 2023,69.9469
Tue May 30 01:38:58 2023,68.2484
Tue May 30 02:08:58 2023,69.6517
Tue May 30 02:38:58 2023,66.485
Tue May 30 03:08:58 2023,67.8897
Tue May 30 03:38:58 2023,68.513
Tue May 30 04:08:58 2023,66.7006
Tue May 30 04:38:58 2023,66.6254
Tue May 30 05:08:58 2023,65.5699
Tue May 30 05:38:58 2023,66.0017
Tue May 30 06:08:58 2023,66.2596
Tue May 30 06:38:58 2023,67.5334
Tue May 30 07:08:58 2023,73.6629
Tue May 30 07:38:58 2023,72.1197
Tue May 30 08:08:58 2023,68.892
Tue May 30 08:38:58 2023,73.1506
Tue May 30 09:08:58 2023,59.621
Tue May 30 09:38:58 2023,55.5809
Tue May 30 10:08:58 2023,62.2977
Tue May 30 10:38:58 2023,61.9657
Tue May 30 11:08:58 2023,61.7828
Tue May 30 11:38:58 2023,60.7236
Tue May 30 12:08:58 2023,63.8738
Tue May 30 12:38:58 2023,62.6333
Tue May 30 13:08:58 2023,59.5416
Tue May 30 13:38:58 2023,55.4937
Tue May 30 14:08:58 2023,59.9091
Tue May 30 14:38:58 2023,55.5616
Tue May 30 15:08:58 2023,57.3336
Tue May 30 15:38:58 2023,60.1679
Tue May 30 16:08:58 2023,58.7929
Tue May 30 16:38:58 2023,62.6817
Tue May 30 17:08:58 2023,57.2257
Tue May 30 17:38:58 2023,62.3717
Tue May 30 18:08:58 2023,53.0038
Tue May 30 18:38:58 2023,50.1203
Tue May 30 19:08:58 2023,47.5057
Tue May 30 19:38:58 2023,52.0014
Tue May 30 20:08:58 2023,55.5484
Tue May 30 20:38:58 2023,61.08
Tue May 30 21:08:58 2023,67.1499
Tue May 30 21:38:58 2023,71.9515
Tue May 30 22:08:58 2023,75.1596
Tue May 30 22:38:58 2023,77.114
Tue May 30 23:08:58 2023,78.8604
Tue May 30 23:38:58 2023,80.1395
Wed May 31 00:08:58 2023,81.0153
Wed May 31 00:38:58 2023,81.8204
Wed May 31 01:08:58 2023,82.0407
Wed May 31 01:38:58 2023,82.5626
Wed May 31 02:08:58 2023,82.7058
Wed May 31 02:38:58 2023,77.7708
Wed May 31 03:08:58 2023,81.1858
Wed May 31 03:38:58 2023,78.5976
Wed May 31 04:08:58 2023,79.6757
Wed May 31 04:38:58 2023,82.9767
Wed May 31 05:08:58 2023,78.4323
Wed May 31 05:38:58 2023,81.5188
Wed May 31 06:08:58 2023,81.048
Wed May 31 06:38:58 2023,86.0113
Wed May 31 07:08:58 2023,88.3606
Wed May 31 07:38:58 2023,88.1799
Wed May 31 08:08:58 2023,84.7377
Wed May 31 08:38:58 2023,81.9843
Wed May 31 09:08:58 2023,80.8883
Wed May 31 09:38:58 2023,80.7818
Wed May 31 10:08:58 2023,76.3393
Wed May 31 10:38:58 2023,68.4034
Wed May 31 11:08:58 2023,66.2303
Wed May 31 11:38:58 2023,64.3735
Wed May 31 12:08:58 2023,64.0605
Wed May 31 12:38:58 2023,64.1947
Wed May 31 13:08:58 2023,60.176
Wed May 31 13:38:58 2023,58.9115
Wed May 31 14:08:58 2023,61.4841
Wed May 31 14:38:58 2023,63.2173
Wed May 31 15:08:58 2023,68.2082
Wed May 31 15:38:58 2023,63.5751
Wed May 31 16:08:58 2023,68.8981
Wed May 31 16:38:58 2023,69.1387
Wed May 31 17:08:58 2023,56.0718
Wed May 31 17:38:58 2023,52.0352
Wed May 31 18:08:58 2023,54.9036
Wed May 31 18:38:58 2023,58.9988
Wed May 31 19:08:58 2023,63.8658
Wed May 31 19:38:58 2023,66.1237
Wed May 31 20:08:58 2023,69.0712
Wed May 31 20:38:58 2023,73.236
Wed May 31 21:08:58 2023,78.0829
Wed May 31 21:38:58 2023,81.7775
Wed May 31 22:08:58 2023,84.255
Wed May 31 22:38:58 2023,85.7744
Wed May 31 23:08:58 2023,81.9894
Wed May 31 23:38:58 2023,83.9366
